"Date.Time","TA_F","SW_IN_F","LW_IN_F","PPFD_IN","VPD_F","PA_F","P_F","WS_F","RH","SW_DIF","CO2_F_MDS","NIGHT"
2018-07-01 01:00:00,12.767,0,278.19,0.7016685,7.258,96.3,0,3.7725,50.82,1.146835,403.3185,1
2018-07-01 02:00:00,12.35,0,276.8215,-0.433333,6.813,96.3,0,3.3005,52.56,1.131,403.606,1
2018-07-01 03:00:00,11.448,0,273.477,0.3016665,5.882,96.3,0,2.4895,56.58,1.29,406.3415,1
2018-07-01 04:00:00,10.283,0,268.62,-0.5,4.7395,96.3,0,2.5235,62.15,1.29483,408.2505,1
2018-07-01 05:00:00,9.957,14.995,266.9215,31.99835,4.4545,96.3,0,2.93,63.63665,7.064815,407.1385,0
2018-07-01 06:00:00,10.217,108.095,263.8615,198.2635,4.5975,96.3,0,2.693,63.115,22.71835,404.8,0
2018-07-01 07:00:00,11.12,264.027,267.785,482.5015,5.374,96.4,0,3.0425,59.42665,35.15165,402.6455,0
2018-07-01 08:00:00,12.135,429.4935,272.74,790.282,6.279,96.4,0,3.147,55.65335,51.1967,400.2705,0
2018-07-01 09:00:00,13.28,582.713,280.3615,1102.775,7.439,96.4,0,3.9405,51.27665,58.25665,398.06,0
2018-07-01 10:00:00,14.1485,716.825,284.8285,1395.625,8.795,96.4,0,5.1115,45.56,71.10665,396.886,0
2018-07-01 11:00:00,15.107,820.9235,291.6665,1632.365,10.103,96.4,0,5.6345,41.21,78.41165,395.427,0
2018-07-01 12:00:00,16.115,893.3615,297.655,1789.915,11.473,96.4,0,4.5165,37.405,75.19835,395.5025,0
2018-07-01 13:00:00,16.97,922.0785,301.1535,1851.04,12.7695,96.4,0,4.5125,34.035,71.9283,396.041,0
2018-07-01 14:00:00,17.8015,903.6065,303.443,1798.6,14.271,96.3,0,4.5595,30.01335,72.4733,396.2855,0
2018-07-01 15:00:00,18.162,839.105,302.37,1638.61,14.9375,96.3,0,4.5925,28.38165,75.2033,396.53,0
2018-07-01 16:00:00,18.348,730.32,302.487,1387.875,15.119,96.3,0,4.2185,28.355,80.2033,396.2515,0
2018-07-01 17:00:00,18.605,582.9135,300.812,1067.37,15.244,96.2835,0,3.9135,28.91165,85.09,395.6505,0
2018-07-01 18:00:00,18.635,439.365,298.565,793.22,15.065,96.2165,0,3.7135,29.88,55.75,395.0825,0
2018-07-01 19:00:00,18.3915,276.8115,297.6785,489.547,14.6925,96.2,0,3.6445,30.56665,48.81335,395.337,0
2018-07-01 20:00:00,17.8415,118.9465,293.695,211.8235,13.805,96.2,0,3.1885,32.4733,30.57335,396.0245,0
2018-07-01 21:00:00,16.6435,16.1185,286.527,36.77335,12.2955,96.2,0,3.133,35.17335,12.55185,397.493,0.5
2018-07-01 22:00:00,15.3515,0,283.1335,1.703335,10.826,96.2,0,3.298,37.96665,1.362165,398.855,1
2018-07-01 23:00:00,14.7215,0,281.1815,0.731665,10.1155,96.2,0,3.0905,39.63,1.059665,399.4835,1
2018-07-02 00:00:00,13.9585,0,278.355,-0.935,9.0885,96.2,0,2.323,43.05335,1.252835,400.3985,1
2018-07-02 01:00:00,12.735,0,274.4365,-0.4016665,7.73,96.2,0,1.7505,47.55165,1.303665,403.315,1
2018-07-02 02:00:00,12.3165,0,273.9285,-1.97,7.499,96.2,0,2.4455,47.65165,1.2205,402.991,1
2018-07-02 03:00:00,11.475,0,271.752,-1.03666665,6.7675,96.1665,0,1.541,50.065,1.1123315,404.5265,1
2018-07-02 04:00:00,11.2415,0,269.582,-0.8,6.4935,96.1,0,1.4275,51.33665,1.159,405.2955,1
2018-07-02 05:00:00,11.445,13.03,269.002,30.05835,6.615,96.1,0,2.019,51.09165,6.675665,404.061,0
2018-07-02 06:00:00,11.385,101.875,269.8165,194.623,6.364,96.1835,0,1.371,52.75835,22.015,404.6155,0
2018-07-02 07:00:00,12.392,255.455,276.2385,475.6835,6.916,96.2,0,1.2995,51.96335,35.995,401.6765,0
2018-07-02 08:00:00,12.8235,420.215,280.3065,783.802,7.0175,96.2,0,2.076,52.615,53.84165,401.26,0
2018-07-02 09:00:00,14.112,565.3235,289.158,1092.25,7.989,96.2,0,2.26,50.43335,60.3167,398.3685,0
2018-07-02 10:00:00,15.315,692.9585,296.7535,1385.035,9.1465,96.2,0,2.4655,47.52835,72.32,399.3195,0
2018-07-02 11:00:00,16.63,802.163,302.075,1626.39,11.231,96.2,0,2.8115,40.70665,79.3367,395.094,0
2018-07-02 12:00:00,17.445,879.653,306.558,1780.895,12.4975,96.2,0,3.2235,37.3233,76.64165,394.93,0
2018-07-02 13:00:00,18.17,909.3815,310.645,1840.685,13.3385,96.1835,0,3.1495,36.0883,76.95,394.8215,0
2018-07-02 14:00:00,18.808,889.0315,313.213,1782.9,14.42,96.167,0,3.2685,33.62665,77.505,394.3425,0
2018-07-02 15:00:00,19.412,827.1285,311.5035,1629.865,15.8425,96.1335,0,3.0335,29.75335,78.21,394.463,0
2018-07-02 16:00:00,19.9935,727.475,308.133,1394.925,17.228,96.1,0,2.9455,26.3183,73.0083,394.902,0
2018-07-02 17:00:00,20.312,596.2485,304.242,1104.545,18.0485,96.1,0,2.7125,24.31,70.48835,394.8925,0
2018-07-02 18:00:00,20.4715,440.287,302.133,793.088,18.2425,96.1,0,2.8005,24.24665,57.94,394.9915,0
2018-07-02 19:00:00,20.1935,277.317,297.2965,488.8115,17.9115,96.1,0,2.6605,24.33,51.07665,394.8075,0
2018-07-02 20:00:00,19.6485,116.9,293.2635,210.087,17.098,96.1,0,2.174,25.3,32.165,394.82,0
2018-07-02 21:00:00,18.372,13.9685,291.215,33.86835,15.456,96.1,0,2.727,26.8833,12.71335,396.7675,0.5
2018-07-02 22:00:00,17.555,0,288.827,-0.73667,14.4125,96.1,0,3.1475,28.21165,1.25,397.129,1
2018-07-02 23:00:00,17.2135,0,288.872,-0.6333335,13.883,96.15,0,2.5025,29.33665,1.163335,397.538,1
2018-07-03 00:00:00,16.1735,0,285.1785,0.766665,12.4595,96.2,0,0.954,32.2633,1.255,399.703,1
2018-07-03 01:00:00,16.4115,0,284.6265,0.933335,12.991,96.2,0,1.71,30.44665,1.023335,399.2175,1
2018-07-03 02:00:00,17.0485,0,285.685,1.236665,13.9485,96.2,0,1.4655,28.26,1.026835,398.0385,1
2018-07-03 03:00:00,16.878,0,285.95,-1.403335,13.6785,96.1335,0,1.1445,28.885,1.04367,398.012,1
2018-07-03 04:00:00,16.2315,0,284.27,0.166665,12.6205,96.1,0,1.046,31.68,1.19933,398.222,1
2018-07-03 05:00:00,14.655,12.1065,280.7465,27.42165,10.051,96.1,0,1.4905,39.76835,7.209835,398.051,0
2018-07-03 06:00:00,16.0265,101.8615,285.927,192.3165,11.4485,96.15,0,1.5595,37.2283,22.88665,395.3835,0
2018-07-03 07:00:00,17.627,253.895,292.213,468.4385,13.104,96.2,0,1.5175,35.035,36.9667,392.898,0
2018-07-03 08:00:00,18.102,418.023,296.2065,776.455,13.677,96.2,0,2.538,34.1767,55.73165,393.88,0
2018-07-03 09:00:00,18.2,566.22,302.8015,1088.21,13.233,96.2165,0,2.3805,36.70665,62.5567,394.7645,0
2018-07-03 10:00:00,19.1065,691.703,309.422,1380.23,15.03,96.2,0,2.014,32.085,72.64,394.492,0
2018-07-03 11:00:00,19.9915,792.7835,314.925,1622.415,16.4735,96.2,0,1.327,29.53665,78.5367,393.081,0
2018-07-03 12:00:00,20.55,864.648,318.783,1777.555,17.318,96.2,0,2.043,28.43,76.14335,392.9455,0
2018-07-03 13:00:00,21.572,896.9715,325.033,1840.685,18.9315,96.2,0,1.5035,26.53665,77.795,393.2135,0
2018-07-03 14:00:00,22.483,872.0065,327.8,1774.885,20.517,96.1665,0,1.4375,24.6717,89.53685,393.6245,0
2018-07-03 15:00:00,22.9485,807.7935,335.4835,1619.24,21.484,96.1,0,1.467,23.32335,171.2,393.938,0
2018-07-03 16:00:00,23.7285,675.312,330.578,1330.96,22.8485,96.1,0,1.2555,22.1917,98.1665,393.967,0
2018-07-03 17:00:00,23.9385,579.148,327.975,1104.04,23.174,96.0665,0,1.596,22.0717,77.23335,393.824,0
2018-07-03 18:00:00,24.195,425.15,324.6,786.74,23.521,96,0,1.701,22.11165,60.135,393.6735,0
2018-07-03 19:00:00,24.038,267.59,322.945,486.44,23.017,96,0,1.5175,23.0633,51.6467,393.468,0
2018-07-03 20:00:00,23.833,109.3635,319.785,203.8735,22.677,96,0,1.2625,23.25835,32.2767,393.9775,0
2018-07-03 21:00:00,23.02,13.4035,317.2735,33.3,21.3255,96,0,1.318,24.3183,12.97715,395.2165,0.5
2018-07-03 22:00:00,22.385,0,313.497,0.4033315,20.045,96,0,2.079,25.96,1.14,394.925,1
2018-07-03 23:00:00,22.19,0,311.69,-1.0016685,19.9785,96,0,2.1405,25.335,1.083665,395.831,1
2018-07-04 00:00:00,20.1515,0,307.493,-0.8,16.173,96,0,2.503,31.625,2.121665,397.113,1
2018-07-04 01:00:00,19.1785,0,305.0735,-0.7016665,14.592,96,0,2.5555,34.36835,1.19567,397.493,1
2018-07-04 02:00:00,18.968,0,304.1185,-0.735,14.457,96,0,2.7875,34.10165,1.043835,396.464,1
2018-07-04 03:00:00,19.2085,0,304.1315,0.968335,15.0625,96,0,2.684,32.355,1.0505,396.189,1
2018-07-04 04:00:00,19.3935,0,304.02,0.2683315,15.385,95.9835,0,2.3175,31.69835,1.092335,396.6175,1
2018-07-04 05:00:00,19.5765,12.583,303.665,27.08835,16.0025,95.9,0,1.1255,29.79665,8.853315,397.4355,0
2018-07-04 06:00:00,20.325,101.355,309.9585,197.728,16.723,95.95,0,0.509,29.93,34.45165,396.48,0
2018-07-04 07:00:00,21.847,233.695,315.972,451.672,17.7605,96,0,0.335,32.215,75.0367,388.218,0
2018-07-04 08:00:00,23.785,368.992,323.382,712.3585,21.503,96,0,1.0405,27.04835,102.01685,391.388,0
2018-07-04 09:00:00,24.565,535.9035,329.6365,1036.9765,23.288,96,0,1.993,24.58335,114.333,393.2275,0
2018-07-04 10:00:00,24.0165,654.3015,337.715,1313.025,22.323,96,0,1.463,25.28335,110.2165,393.5145,0
2018-07-04 11:00:00,25.2735,729.6685,347.663,1496.025,24.3945,96,0,0.7945,24.275,149.1335,391.7735,0
2018-07-04 12:00:00,26.157,821.9335,367.3015,1696.265,25.882,96,0,1.281,23.7283,284.1835,396.694,0
2018-07-04 13:00:00,26.145,611.6015,395.325,1238.28,24.652,95.9665,0,2.62,27.32165,495.683,391.234,0
2018-07-04 14:00:00,26.635,790.143,390.545,1600.705,25.0915,95.9,0,2.6075,28.12835,471.95,390.831,0
2018-07-04 15:00:00,27.2615,722.338,382.11,1467.57,25.8245,95.9,0,2.181,28.70665,377.7165,390.919,0
2018-07-04 16:00:00,26.932,425.845,402.9265,851.07,25.0965,95.9,0,2.3335,29.345,360.1335,389.927,0
2018-07-04 17:00:00,26.677,295.31,403.967,578.9585,24.4425,95.9,0,2.1535,30.1483,278.2165,390.0265,0
2018-07-04 18:00:00,26.992,359.87,382.513,687.44,25.303,95.8,0,1.719,29.0217,238.05,391.5615,0
2018-07-04 19:00:00,27.31,221.89,381.9435,422.045,25.9185,95.8,0,0.905,28.63165,161.9165,391.038,0
2018-07-04 20:00:00,26.65,91.2265,368.552,178.9215,24.555,95.8,0,0.4565,29.7317,78.50665,391.412,0
2018-07-04 21:00:00,25.815,10.2865,352.06,35.8067,23.334,95.8,0,0.444,29.8933,18.277815,392.255,0.5
2018-07-04 22:00:00,24.2965,0,355.3535,0.7699985,19.961,95.8,0,2.9335,34.445,1.87917,395.8,1
2018-07-04 23:00:00,23.05,0,343.0435,1.03499835,16.6145,95.8,0,3.0445,41.055,1.1275,394.594,1
2018-07-05 00:00:00,22.565,0,345.6935,1.5699985,15.5555,95.8,0,3.1445,43.22665,1.39617,396.6635,1
2018-07-05 01:00:00,21.18,0,340.645,-0.76833,13.1155,95.8,0,3.991,47.905,1.322165,401.5915,1
2018-07-05 02:00:00,20.048,0,335.8515,1.87,10.8085,95.7165,0,4.097,53.9517,1.24233,403.5665,1
2018-07-05 03:00:00,19.227,0,330.98,1.0350015,9.065,95.7,0,4.2,59.355,1.164665,405.4405,1
2018-07-05 04:00:00,18.7585,0,330.025,0.401665,7.6315,95.7,0,3.871,64.7517,1.10633,405.555,1
2018-07-05 05:00:00,18.408,8.5285,327.805,23.21165,6.618,95.7,0,4.042,68.76335,7.418835,407.682,0
2018-07-05 06:00:00,18.4435,85.14,327.425,159.6515,6.4865,95.7,0,4.0825,69.45,32.3783,409.918,0
2018-07-05 07:00:00,19.1985,222.8435,328.8635,418.505,7.287,95.7,0,3.5125,67.26165,53.79,406.8865,0
2018-07-05 08:00:00,20.7435,383.6515,335.0465,739.5135,9.1395,95.75,0,2.9795,62.7133,73.4717,405.2275,0
2018-07-05 09:00:00,22.6535,534.645,344.5485,1051.6715,11.8365,95.7335,0,2.3105,57.01665,91.16835,405.015,0
2018-07-05 10:00:00,24.1515,637.375,354.335,1291.92,14.434,95.7,0,2.1985,52.09335,113.333,404.6525,0
2018-07-05 11:00:00,24.53,759.165,362.845,1571.445,16.1175,95.7,0,2.4685,47.74335,139.2665,399.5105,0
2018-07-05 12:00:00,25.6565,826.0885,386.4715,1696.36,18.7475,95.7,0,2.064,43.12165,299.35,398.417,0
2018-07-05 13:00:00,26.2785,458.24,390.4015,940.3465,20.3465,95.6665,0,2.2525,40.47,322.55,397.287,0
2018-07-05 14:00:00,24.527,308.63,398.8935,636.808,17.2415,95.6335,0,3.346,44.07665,285.017,395.038,0
2018-07-05 15:00:00,23.6415,298.63,394.09,608.9865,14.7525,95.6665,0,2.3095,49.49335,283.45,394.3755,0
2018-07-05 16:00:00,24.595,408.255,382.9715,822.813,16.553,95.6,0,3.042,46.4967,326.567,395.5125,0
2018-07-05 17:00:00,24.1035,428.297,379.313,823.18,15.883,95.6,0,4.1465,47.29165,247.5835,392.5235,0
2018-07-05 18:00:00,21.9815,81.545,376.93,179.2585,12.0235,95.6665,0,2.566,54.48665,80.5385,392.581,0
2018-07-05 19:00:00,21.8165,60.735,390.4415,131.39515,10.9355,95.7,0,2.549,58.2,59.265,393.402,0
2018-07-05 20:00:00,20.22,66.5935,366.38,135.63815,7.601,95.7,0,3.437,67.95,71.3617,393.57,0
2018-07-05 21:00:00,19.8565,2.625,394.277,7.879985,7.6605,95.7835,0.1,2.0355,66.99335,4.61867,395.275,0.5
2018-07-05 22:00:00,19.217,0,390.38,-0.2,8.1285,95.8,0.1,1.4925,63.5583,1.87,394.9525,1
2018-07-05 23:00:00,18.9465,0,363.957,0.401665,6.8275,95.8,0,2.657,69.215,1.530665,398.671,1
2018-07-06 00:00:00,17.9585,0,345.26,-0.60166835,5.085,95.8835,0,2.2355,75.30335,1.1495,399.625,1
2018-07-06 01:00:00,17.11,0,360.1965,-0.266665,5.399,95.9,0,3.1805,72.3417,1.135665,398.027,1
2018-07-06 02:00:00,16.3835,0,365.862,1.4050015,4.9835,95.9,0,2.8305,73.27165,1.183,397.8485,1
2018-07-06 03:00:00,15.7215,0,348.735,2.2366685,4.327,95.9,0,1.5885,75.79665,1.10883,400.1325,1
2018-07-06 04:00:00,14.793,0,331.3235,-1.436665,3.555,95.9,0,2.448,78.90165,1.35567,400.4955,1
2018-07-06 05:00:00,13.79,8.63,302.8335,20.908315,2.817,96,0,2.355,82.15,9.895685,400.3985,0
2018-07-06 06:00:00,13.075,63.52,308.328,134.6035,2.159,96,0,2.3625,85.6667,53.40165,400.658,0
2018-07-06 07:00:00,13.145,171.6715,336.1635,338.912,2.2815,96.0165,0,2.263,84.93335,126.5665,398.536,0
2018-07-06 08:00:00,14.32,310.1015,326.85,608.317,3.6265,96.1,0,2.3235,77.79,199.017,396.2515,0
2018-07-06 09:00:00,14.535,329.9285,368.063,643.655,3.753,96.15,0,1.9965,77.33,297.883,395.5305,0
2018-07-06 10:00:00,14.5985,310.2885,378.885,605.378,3.8105,96.2,0,2.591,77.08835,308.9335,396.7155,0
2018-07-06 11:00:00,16.127,604.8915,357.3065,1223.415,5.415,96.2335,0,2.383,70.5233,397.2835,394.6375,0
2018-07-06 12:00:00,17.395,658.21,375.627,1297.06,6.892,96.3,0,2.403,65.325,443.55,391.855,0
2018-07-06 13:00:00,18.022,714.1265,372.712,1426.89,7.697,96.3,0,2.644,62.80335,416.1835,389.6085,0
2018-07-06 14:00:00,18.5315,700.288,342.61,1404.275,9.073,96.3,0,3.275,57.4983,261.167,392.698,0
2018-07-06 15:00:00,18.6535,680.52,330.19,1373.245,9.7,96.3,0,3.2625,54.93335,167.733,396.056,0
2018-07-06 16:00:00,19.295,632.9135,340.6485,1239.415,10.4585,96.3,0,4.089,53.2867,206.6335,394.7885,0
2018-07-06 17:00:00,19.8,530.073,343.653,1018.3715,11.094,96.3,0,3.0825,51.97665,203.25,393.194,0
2018-07-06 18:00:00,19.802,302.093,335.8465,567.87,11.564,96.3,0,3.0775,49.99335,134.8335,391.8605,0
2018-07-06 19:00:00,20.7215,263.735,322.418,478.925,14.2635,96.3,0,3.5055,41.6717,70.37165,391.299,0
2018-07-06 20:00:00,20.2435,106.8685,312.72,190.683,14.8405,96.3,0,3.109,37.50835,35.6533,391.4565,0
2018-07-06 21:00:00,19.085,13.7365,302.4135,30.428335,13.8135,96.35,0,2.8905,37.4817,11.88715,393.342,0.5
2018-07-06 22:00:00,17.7385,0,294.485,-3.171665,12.8355,96.4,0,2.981,36.7933,1.384,396.6,1
2018-07-06 23:00:00,16.7,0,286.675,0.701665,12.0505,96.4335,0,2.819,36.6567,1.222,398.1875,1
2018-07-07 00:00:00,15.94,0,285.4165,1.4700015,10.881,96.5,0,3.396,39.9633,1.133835,397.837,1
2018-07-07 01:00:00,14.925,0,280.5985,-1.87,9.2755,96.5,0,3.2735,45.3967,1.223165,398.3115,1
2018-07-07 02:00:00,14.01,0,278.6065,1.4366685,8.2665,96.5,0,2.7695,48.3467,1.122,398.073,1
2018-07-07 03:00:00,13.2885,0,276.917,-3.20667,7.4865,96.5,0,2.3455,50.965,1.065,399.3895,1
2018-07-07 04:00:00,12.8085,0,269.4315,-0.4,7.122,96.5,0,2.798,51.865,1.1085,399.8175,1
2018-07-07 05:00:00,12.5215,11.0385,263.5435,21.374985,6.859,96.5,0,2.9405,52.76165,6.014165,400.661,0
2018-07-07 06:00:00,13.7135,118.255,272.7865,208.9535,8.091,96.5665,0,2.816,48.4967,40.6917,399.285,0
2018-07-07 07:00:00,13.273,179.103,283.5365,341.717,7.57,96.6,0,3.06,50.37,95.61335,398.6215,0
2018-07-07 08:00:00,14.1165,379.3365,281.205,708.385,8.343,96.6,0,3.059,48.22335,126.55,398.2595,0
2018-07-07 09:00:00,14.7835,534.935,287.753,1022.245,9.5865,96.6,0,2.6065,43.02665,77.40665,398.9185,0
2018-07-07 10:00:00,16.535,686.448,303.893,1367.805,11.251,96.6,0,2.6545,40.31,74.0517,397.6105,0
2018-07-07 11:00:00,17.4365,783.1165,311.39,1594.36,12.0215,96.6,0,2.9345,39.6683,80.875,395.221,0
2018-07-07 12:00:00,18.7015,854.8335,319.3885,1764.2,12.972,96.6,0,2.5085,39.87335,79.35665,393.3,0
2018-07-07 13:00:00,19.6685,884.56,325.3485,1817.305,14.1585,96.6,0,2.906,38.21335,78.6167,393.1325,0
2018-07-07 14:00:00,20.8085,864.645,330.3615,1767.87,15.592,96.5835,0,2.9075,36.595,80.6333,392.5265,0
2018-07-07 15:00:00,21.4915,800.1435,331.0165,1610.655,17.1985,96.5,0,3.011,32.92665,84.2,392.398,0
2018-07-07 16:00:00,22.1185,696.42,332.3885,1369.27,18.505,96.5,0,3.0555,30.54,76.32665,392.4395,0
2018-07-07 17:00:00,22.1315,569.0485,327.532,1082.6,18.4745,96.5,0,3.5705,30.70165,77.5433,392.7405,0
2018-07-07 18:00:00,21.9735,405.4835,325.36,760.355,18.196,96.5,0,2.948,31.085,68.4383,392.313,0
2018-07-07 19:00:00,21.5165,254.8615,320.98,468.2365,17.629,96.5,0,3.0965,31.34835,57.50665,392.687,0
2018-07-07 20:00:00,20.593,101.6735,316.123,192.7185,15.294,96.5,0,2.789,37.06835,35.25,392.513,0
2018-07-07 21:00:00,18.577,5.685,309.555,25.21665,11.826,96.5,0,2.3785,44.80335,10.245815,394.6165,0.5
2018-07-07 22:00:00,17.5465,0,306.988,2.7383335,10.6355,96.5,0,2.5,47.00835,1.283835,394.727,1
2018-07-07 23:00:00,16.675,0,302.615,2.1383315,9.3905,96.5,0,2.334,50.55165,1.104,394.747,1
2018-07-08 00:00:00,15.798,0,298.47,0.101665,8.1465,96.5,0,1.987,54.67,1.243165,395.841,1
2018-07-08 01:00:00,14.677,0,295.7285,-0.2,6.295,96.5,0,3.23,62.3567,1.131,396.42,1
2018-07-08 02:00:00,13.6665,0,293.31,0.001667,5.407,96.5,0,3.014,65.4567,1.117165,397.606,1
2018-07-08 03:00:00,12.96,0,287.227,0.13333315,4.8875,96.5,0,2.5175,67.3,1.088165,398.168,1
2018-07-08 04:00:00,12.412,0,283.1235,0.13333,5.741,96.5,0,2.224,60.16835,1.14983,400.502,1
2018-07-08 05:00:00,11.695,7.562,285.1365,19.005,5.1775,96.5165,0,2.0085,62.3467,7.307315,401.977,0
2018-07-08 06:00:00,11.825,79.7115,285.73,151.30335,4.7835,96.5665,0,1.72,65.50165,30.25165,400.815,0
2018-07-08 07:00:00,12.01,210.8235,288.427,404.1435,4.13,96.6,0,2.7515,70.6033,53.1417,399.3495,0
2018-07-08 08:00:00,12.785,396.29,293.2865,756.447,4.5305,96.6,0,2.48,69.37,65.9017,398.349,0
2018-07-08 09:00:00,14.532,543.7235,302.415,1061.0915,6.289,96.6,0,1.816,62.07335,77.05335,395.0545,0
2018-07-08 10:00:00,16.395,665.57,315.5815,1346.46,8.13,96.6,0,1.7965,56.47835,86.73335,393.4345,0
2018-07-08 11:00:00,17.535,765.367,325.0965,1586.67,9.197,96.6,0,1.978,54.1483,103.00015,392.9355,0
2018-07-08 12:00:00,18.8735,832.035,334.6135,1733.8,10.4285,96.6,0,1.7065,52.19165,119.85,391.497,0
2018-07-08 13:00:00,20.183,846.32,340.085,1755.445,11.867,96.6,0,2.044,49.84165,139.3165,390.9575,0
2018-07-08 14:00:00,21.005,924.969,349.835,1842.35,12.774,96.6,0,2.216,48.6817,228.45,390.407,0
2018-07-08 15:00:00,21.627,769.8415,350.49,1552.37,13.826,96.6,0,2.183,46.5733,177.5,390.2095,0
2018-07-08 16:00:00,22.217,559.7685,352.8985,1108.9215,14.86,96.6,0,1.757,44.54835,173.567,390.213,0
2018-07-08 17:00:00,22.5735,562.4515,343.4785,1085.135,15.6735,96.6,0,2.342,42.765,106.9,389.7245,0
2018-07-08 18:00:00,22.663,414.01,341.2285,778.258,15.9845,96.55,0,2.3435,41.9483,88.9,389.529,0
2018-07-08 19:00:00,22.243,232.685,337.025,434.9685,15.0015,96.5,0,2.5035,44.12335,77.38,389.442,0
2018-07-08 20:00:00,21.655,111.7865,345.535,205.745,13.847,96.5,0,2.5265,46.53665,62.17835,389.992,0
2018-07-08 21:00:00,20.3635,15.1085,340.98,32.29835,11.9795,96.5665,0,2.221,49.9817,19.243815,392.8595,0.5
2018-07-08 22:00:00,18.99,0,325.51,-0.2999985,10.3535,96.6,0,2.372,52.87,1.401,394.4795,1
2018-07-08 23:00:00,18.175,0,319.115,0.2,9.9305,96.6,0,2.52,52.43165,1.19633,396.018,1
2018-07-09 00:00:00,17.4,0,313.82,0.60167,9.361,96.6,0,2.711,52.92165,1.155335,397.578,1
2018-07-09 01:00:00,16.468,0,309.893,3.138335,8.472,96.6,0,2.542,54.8017,1.128165,399.0145,1
2018-07-09 02:00:00,15.8515,0,306.998,-0.9016685,7.7185,96.6,0,2.4645,57.1667,1.0725,399.369,1
2018-07-09 03:00:00,14.94,0,303.1365,0,6.789,96.55,0,2.2425,60.065,1.169835,399.955,1
2018-07-09 04:00:00,14.275,0,300.92,0.1,6.916,96.5,0,2.1945,57.50835,1.121165,399.8275,1
2018-07-09 05:00:00,13.62,8.917,297.79,22.211685,6.4765,96.5,0,1.9525,58.48165,6.91285,400.456,0
2018-07-09 06:00:00,14.1565,86.7385,296.7165,165.432,7.457,96.5,0,2.0865,53.8567,36.01665,399.362,0
2018-07-09 07:00:00,14.7085,236.58,300.1965,448.397,7.404,96.5,0,1.7705,55.77335,74.35665,398.496,0
2018-07-09 08:00:00,15.4465,379.9265,302.4565,727.2885,7.913,96.5,0,2.7445,54.92835,129.433,397.5245,0
2018-07-09 09:00:00,15.3815,468.53,304.72,905.98,7.9825,96.5,0,3.016,54.33665,142.267,395.669,0
2018-07-09 10:00:00,16.74,683.3615,307.1135,1360.99,10.336,96.5,0,2.9595,45.895,74.11335,395.382,0
2018-07-09 11:00:00,17.9715,778.067,316.575,1595.795,12.578,96.5,0,2.537,38.9917,78.76335,394.8745,0
2018-07-09 12:00:00,18.79,856.4185,316.8315,1760.525,14.5945,96.5,0,3.089,32.7333,78.58,395.166,0
2018-07-09 13:00:00,19.512,881.098,323.94,1796.595,14.047,96.5,0,3.4475,38.1033,86.9567,393.631,0
2018-07-09 14:00:00,20.115,800.4015,340.4615,1626.485,13.394,96.4,0,3.412,43.1417,189.217,393.2155,0
2018-07-09 15:00:00,20.832,625.165,361.26,1243.89,13.8105,96.4,0,3.6165,43.91165,339.6,392.1115,0
2018-07-09 16:00:00,19.658,345.7435,369.01,686.9415,11.121,96.4,0,3.8885,51.43665,303.85,390.6985,0
2018-07-09 17:00:00,19.553,461.545,343.747,889.2815,11.054,96.3835,0,4.0185,51.415,249.9665,390.9935,0
2018-07-09 18:00:00,19.2815,301.92,359.632,587.11,10.6045,96.3,0,2.766,52.6,232.4,390.6005,0
2018-07-09 19:00:00,18.6735,100.4465,365.858,202.005,9.7045,96.3,0,2.638,54.9567,106.30015,391.2855,0
2018-07-09 20:00:00,18.2685,50.8635,358.402,99.76315,8.877,96.2835,0,2.1505,57.725,54.665,392.008,0
2018-07-09 21:00:00,17.6415,6.535,357.0885,18.905015,7.908,96.2,0,2.259,60.83,9.656015,393.2605,0.5
2018-07-09 22:00:00,17.1515,0,362.47,-3.04,7.2005,96.2,0,1.877,63.2083,1.090835,395.3645,1
2018-07-09 23:00:00,16.182,0,365.175,1.4016685,5.704,96.2,0,1.54,69.03165,1.171,398.716,1
2018-07-10 00:00:00,15.782,0,376.22,-0.6,5.2525,96.2,0,1.8315,70.7133,1.112835,399.333,1
2018-07-10 01:00:00,15.265,0,374.935,0.43333315,5.1675,96.1665,0,2.323,70.22665,1.3015,396.583,1
2018-07-10 02:00:00,14.75,0.1865,375.725,-0.066665,4.6575,96.1,0,1.5245,72.25335,1.133835,397.673,1
2018-07-10 03:00:00,14.4235,0,371.772,-0.6,4.429,96.05,0,1.417,73.055,1.167,398.333,1
2018-07-10 04:00:00,12.993,0,367.493,0.6349985,3.5345,96,0,3.019,76.415,2.245335,399.29,1
2018-07-10 05:00:00,11.053,1.5705,358.07,4.641665,1.748,96,0,1.9295,86.75,2.490165,400.6215,0
2018-07-10 06:00:00,11.0235,20.75,355.1685,42.085,1.6785,96,0,0.9225,87.25,20.7417,402.1305,0
2018-07-10 07:00:00,11.492,56.0315,356.005,108.4815,2.731,96,0,1.78,79.87665,53.62335,399.1685,0
2018-07-10 08:00:00,11.98,154.3135,350.93,297.0265,3.8485,96,0,2.8455,72.5417,151.3,397.396,0
2018-07-10 09:00:00,13.2415,378.4835,322.4585,734.0015,5.617,96,0,2.7705,63.1433,297.7,395.8525,0
2018-07-10 10:00:00,13.425,328.5865,341.51,640.515,6.2225,96,0,1.8045,59.64335,282.25,398.2485,0
2018-07-10 11:00:00,13.945,503.7215,336.8935,999.8665,7.0025,95.9,0,1.681,56.15335,262.567,399.635,0
2018-07-10 12:00:00,15.6085,668.0065,340.057,1340.95,9.124,95.9,0.2,2.4895,48.57665,332.45,395.201,0
2018-07-10 13:00:00,15.5715,366.1315,367.16,721.11,9.2955,95.9,0,2.422,47.4767,371.05,393.92,0
2018-07-10 14:00:00,16.083,461.5285,366.043,906.7815,9.4105,95.9,0,2.802,48.5467,464.9,392.3265,0
2018-07-10 15:00:00,15.3315,337.7765,362.9735,666.1665,7.8135,95.9,0,2.829,55.17665,339.483,392.665,0
2018-07-10 16:00:00,14.95,203.84,361.315,403.138,7.1685,95.9,0,1.4225,57.85,198.883,391.5795,0
2018-07-10 17:00:00,15.29,235.9,364.2135,465.965,7.228,95.9,0,2.586,58.43165,233.117,389.74,0
2018-07-10 18:00:00,13.722,127.8635,357.8385,259.9535,4.546,95.9,0,3.6085,71.315,127.30165,391.1715,0
2018-07-10 19:00:00,12.4715,48.4,353.942,93.3535,2.8325,95.9,0,2.6005,80.435,46.61835,393.0795,0
2018-07-10 20:00:00,12.112,23.288,352.65,43.9567,2.3635,95.9,0,1.679,83.2833,22.181315,394.9265,0
2018-07-10 21:00:00,12.1635,2.3515,363.717,7.413335,2.66,95.9,0,1.501,81.24835,2.624,397.3855,0.5
2018-07-10 22:00:00,12.253,0,359.507,1.3683315,3.0395,95.9,0,1.0615,78.695,1.031835,399.385,1
2018-07-10 23:00:00,12.1265,0,367.65,0.231667,2.7555,95.9,0.9,0.686,80.55,1.821335,402.115,1
2018-07-11 00:00:00,11.395,0,368.47,0.1,1.205,95.9,4.1,1.553,91.0667,1.01167,401.986,1
2018-07-11 01:00:00,11.3665,0.9685,368.997,-1.67,0.8475,95.9,0.8,1.331,93.7,1.0005015,400.573,1
2018-07-11 02:00:00,11.2285,0.635,367.9,-2.571665,0.7535,95.9,0.2,1.29,94.35,1.04367,409.4865,1
2018-07-11 03:00:00,11.113,0,369.0715,-1.5350015,0.6,95.9,1.2,0.873,95.4667,1.0520015,424.8115,1
2018-07-11 04:00:00,10.8685,0.2315,368.308,1.57,0.5145,95.8335,0.9,1.7735,96.05,1.153165,424.283,1
2018-07-11 05:00:00,10.7285,9.48,366.3785,13.12501665,0.4665,95.8,0.1,0.805,96.3833,11.00235,423.0045,0
2018-07-11 06:00:00,10.875,30.49,367.4215,55.7117,0.482,95.8665,0,1.5015,96.3,31.9,423.421,0
2018-07-11 07:00:00,11.1835,72.6665,372.3515,148.66335,0.516,95.9,0,0.767,96.11665,70.55485,423.6665,0
2018-07-11 08:00:00,12.3535,256.3065,373.32,512.8265,0.973,95.9335,0,0.436,93.35,226.4,425.076,0
2018-07-11 09:00:00,15.267,500.045,315.195,983.1015,4.261,95.9835,0,0.7165,75.4217,222.6335,425.9935,0
2018-07-11 10:00:00,16.24,782.6,336.38,1567.07,6.6275,95.9,0,0.95,64.1983,284.2335,423.3645,0
2018-07-11 11:00:00,14.578,175.4965,370.305,351.803,3.737,95.9,0.3,2.216,77.8317,165.183,420.859,0
2018-07-11 12:00:00,14.8465,286.9835,390.432,576.688,3.361,95.8665,0.2,1.638,80.24665,271.0165,419.839,0
2018-07-11 13:00:00,15.007,250.1015,387.957,489.813,4.5925,95.85,0.1,1.3535,73.09665,243.3165,420.57,0
2018-07-11 14:00:00,16.308,321.14,393.945,638.4785,6.531,95.8,0,0.5925,64.82665,301.35,418.6335,0
2018-07-11 15:00:00,16.6035,127.662,372.235,256.8485,7.0535,95.8,0,0.6865,62.73665,120.8,414.7485,0
2018-07-11 16:00:00,15.9615,229.0635,368.4335,440.215,5.6235,95.8,0,1.156,69.005,202.3165,414.1875,0
2018-07-11 17:00:00,17.05,388.602,354.8285,755.01,8.2495,95.8,0,2.9245,57.57,328.9665,406.8285,0
2018-07-11 18:00:00,16.7335,288.615,354.845,552.8065,8.2835,95.8,0,2.567,56.55665,239.8335,412.733,0
2018-07-11 19:00:00,15.4885,107.1135,340.695,214.2285,6.3945,95.8165,0,2.5855,63.71665,98.8,419.0485,0
2018-07-11 20:00:00,13.177,12.1365,368.56,27.99165,2.3875,95.85,0.8,2.351,84.375,12.161985,407.126,0
2018-07-11 21:00:00,12.2265,4.8915,371.1635,7.0799835,0.8975,95.8165,0.1,2.8015,93.7,3.191165,406.3145,0.5
2018-07-11 22:00:00,12.132,0.3315,372.0815,-0.8016685,0.653,95.9,0,2.9215,95.38335,0.9933335,406.042,1
2018-07-11 23:00:00,12.3415,0.175,374.277,-1.77,0.5305,95.8835,0,1.976,96.3,0.9641665,414.5055,1
2018-07-12 00:00:00,12.5315,0,374.9715,0.46833,0.467,95.9,0,1.256,96.78335,1.01067,410.809,1
2018-07-12 01:00:00,12.3215,0.4035,374.6265,0.4000015,0.432,95.9,0,1.0425,96.98335,1.05583,409.586,1
2018-07-12 02:00:00,12.073,0,371.065,-2.236665,0.411,95.9,0,1.1645,97.08335,1.0615,408.7575,1
2018-07-12 03:00:00,11.9065,0,368.245,-1.47000165,0.437,95.9,0,1.314,96.86665,1.175335,415.7965,1
2018-07-12 04:00:00,11.3615,0,366.81,2.205,0.453,95.9,0,2.139,96.6333,1.0571685,418.866,1
2018-07-12 05:00:00,11.3135,2.2215,370.15,4.443335,0.3575,95.9,0,2.0485,97.33335,1.667335,406.2255,0
2018-07-12 06:00:00,11.5465,15.195,371.535,32.29835,0.304,95.9,0,2.413,97.76665,14.169815,405.344,0
2018-07-12 07:00:00,11.777,55.932,373.5285,108.78315,0.281,95.9,0,2.606,97.9667,52.20665,404.3755,0
2018-07-12 08:00:00,13.505,345.135,381.457,663.16,1.5525,95.9165,0,2.7805,90.3167,107.16,398.2365,0
2018-07-12 09:00:00,14.232,326.4065,372.5335,631.83,2.251,96,0,3.23,86.1333,283.7,395.843,0
2018-07-12 10:00:00,15.1615,443.017,367.812,881.5315,3.184,96,0,3.2685,81.54,383.3835,392.5245,0
2018-07-12 11:00:00,16.335,750.418,363.21,1491.955,4.452,96,0,3.7455,76.09,427.9,392.0765,0
2018-07-12 12:00:00,17.9085,760.2315,356.25,1515.43,6.335,96.0835,0,3.189,69.18,360.4335,390.2045,0
2018-07-12 13:00:00,18.915,642.308,364.158,1290.485,7.8285,96.1,0,3.55,64.2183,287.417,388.699,0
2018-07-12 14:00:00,19.5315,604.4435,359.9585,1201.0665,8.825,96,0,3.6085,61.17835,214.9165,387.9115,0
2018-07-12 15:00:00,20.22,525.873,371.3485,1038.95,9.795,96.0165,0,3.6575,58.70165,366,387.0865,0
2018-07-12 16:00:00,18.2615,188.6715,387.168,377.922,6.4505,96.05,2.8,2.8895,71.95335,142.245,390.156,0
2018-07-12 17:00:00,15.2335,106.1765,391.325,224.985,1.724,96.1,0.2,2.866,90.03335,94.16185,393.012,0
2018-07-12 18:00:00,15.7,59.19,389.4165,117.30315,2.484,96.0665,0.1,3.1125,86.1517,51.29,391.8365,0
2018-07-12 19:00:00,17,175.34,386.105,318.3015,4.4285,96.0665,0,3.77,77.1833,113.12815,391.6545,0
2018-07-12 20:00:00,16.7385,40.8815,375.485,78.35515,3.7515,96.1,0.2,3.78,80.3417,39.4667,392.008,0
2018-07-12 21:00:00,16.0785,4.43,372.895,8.8500165,3.809,96.1165,0.4,3.8935,79.1717,4.569665,391.0435,0.5
2018-07-12 22:00:00,15.972,1.2565,377.035,-1.2016665,4.795,96.2,0,3.3175,73.59,1.0425,389.987,1
2018-07-12 23:00:00,16.895,0.4465,372.015,1.001665,5.8785,96.2,0,2.358,69.62335,1.08467,388.659,1
2018-07-13 00:00:00,17.177,0,363.97,-1.2,5.831,96.2,0,2.7775,70.255,1.23883,388.5845,1
2018-07-13 01:00:00,16.555,0,322.5385,1.035,4.6855,96.2,0,2.7465,75.13335,1.2005,388.1815,1
2018-07-13 02:00:00,16.2665,0,317.038,-0.6349985,4.4245,96.2,0,2.707,76.09,1.14583,390.781,1
2018-07-13 03:00:00,15.59,0,312.727,-1.6683335,3.883,96.2,0,2.8335,78.085,1.134165,394.192,1
2018-07-13 04:00:00,15.02,0,327.2465,-0.736667,3.4565,96.2,0,2.6965,79.76335,1.09833,397.482,1
2018-07-13 05:00:00,15.068,8.3475,339.3685,13.994985,3.553,96.2165,0,2.729,79.27165,6.318685,400.8425,0
2018-07-13 06:00:00,15.192,48.8315,317.233,102.705,3.701,96.3,0,3.2295,78.56665,33.51665,401.531,0
2018-07-13 07:00:00,16.595,220.8965,308.9865,406.9815,4.6895,96.3,0,2.9855,75.2067,57.575,401.2015,0
2018-07-13 08:00:00,17.4415,349.5685,310.5785,667.3665,5.488,96.3,0,3.1715,72.48165,81.84165,399.7175,0
2018-07-13 09:00:00,18.4635,531.255,315.25,1023.6185,7.1365,96.4,0,2.927,66.4717,82.47165,397.1775,0
2018-07-13 10:00:00,19.9885,658.2685,326.59,1320.045,9.807,96.4,0,1.991,58.13,81.9283,395.923,0
2018-07-13 11:00:00,21.005,765.3685,332.3685,1570.04,11.8855,96.4,0,2.592,52.24665,86.68335,395.3495,0
2018-07-13 12:00:00,21.69,842.28,336.43,1735.475,14.5725,96.4,0.1,2.9945,43.8833,83.95,393.8835,0
2018-07-13 13:00:00,22.3635,884.127,342.8515,1816.635,15.8755,96.4,0,3.3115,41.29165,99.7,394.2475,0
2018-07-13 14:00:00,23.182,879.1115,359.4135,1789.31125,17.523,96.4,0,2.663,38.385,185.6335,394.228,0
2018-07-13 15:00:00,23.8015,833.6215,355.24,1685.64,19.3735,96.4,0,2.8125,34.31165,166.1,393.491,0
2018-07-13 16:00:00,23.615,664.82,350.5685,1300.14,19.404,96.367,0,3.0295,33.47165,148.5835,393.4095,0
2018-07-13 17:00:00,23.563,487.748,359.29,918.535,19.016,96.3165,0,2.7715,34.61,162.8335,393.1155,0
2018-07-13 18:00:00,23.4465,409.885,338.857,763.26,18.889,96.3,0,3.1525,34.5717,80.945,392.9455,0
2018-07-13 19:00:00,22.712,245.905,330.815,448.797,17.793,96.3,0,2.967,35.59335,57.57665,393.025,0
2018-07-13 20:00:00,21.3835,94.805,327.7115,180.795,13.5695,96.3,0,2.332,46.73,36.63,393.278,0
2018-07-13 21:00:00,19.237,9.0335,316.6735,28.023335,9.707,96.4,0,2.338,56.6133,11.711685,396.4325,0.5
2018-07-13 22:00:00,17.5635,0,310.875,-1.50333,7.3445,96.4,0,1.9425,63.44835,1.346335,397.918,1
2018-07-13 23:00:00,17.0815,0,309.9965,-1.2016665,6.626,96.4,0,2.0715,65.99165,1.02767,394.212,1
2018-07-14 00:00:00,17.283,0,311.4915,0.7683315,6.91,96.4165,0,1.7725,64.9983,1.026,390.822,1
2018-07-14 01:00:00,17.478,0,313.2585,-0.835,7.173,96.4835,0,1.3905,64.0967,1.058,389.4375,1
2018-07-14 02:00:00,16.6215,0,307.8765,-0.7683315,6.0155,96.4,0,2.024,68.215,1.190835,390.748,1
2018-07-14 03:00:00,16.1715,0,303.395,-0.836665,6.1225,96.4,0,2.1245,66.68165,1.067335,393.0295,1
2018-07-14 04:00:00,15.8865,0,301.985,2.2399985,6.799,96.4,0,1.8185,62.3467,1.0255,393.684,1
2018-07-14 05:00:00,16.1085,8.9895,301.405,14.860015,7.8205,96.4,0,1.395,57.305,4.426335,393.229,0
2018-07-14 06:00:00,17.0185,78.6265,302.5015,154.80985,8.9125,96.4,0,0.861,54.15,19.995,392.993,0
2018-07-14 07:00:00,18.82,218.9315,306.838,419.605,10.6455,96.4165,0,1.302,51.015,38.745,390.137,0
2018-07-14 08:00:00,18.265,370.91,317.1965,718.07,9.6085,96.5,0,1.2145,54.24,60.83165,390.051,0
2018-07-14 09:00:00,18.8935,518.2815,326.4965,1021.7115,11.045,96.5,0,1.4055,49.44335,73.62665,393.167,0
2018-07-14 10:00:00,20.07,643.29,332.21,1311.055,12.4835,96.5,0,1.701,46.855,89.2667,391.7245,0
2018-07-14 11:00:00,21,755.7,340.758,1567.605,13.6265,96.5,0,1.636,45.23665,121.7835,390.6265,0
2018-07-14 12:00:00,22.0385,708.905,360.42,1454.375,15.0285,96.4335,0,1.418,43.32665,261,389.8065,0
2018-07-14 13:00:00,22.798,729.335,363.2215,1503.71,16.2415,96.4,0,1.564,41.49665,265.8335,390.406,0
2018-07-14 14:00:00,23.103,667.618,362.702,1365.67,16.771,96.35,0,1.758,40.74835,223.15,390.3595,0
2018-07-14 15:00:00,23.9615,640.75,374.62,1294.6585,18.8995,96.3,0,1.7305,36.54335,230.967,391.1375,0
2018-07-14 16:00:00,23.42,380.187,369.49,757.648,17.7145,96.2665,0,1.4005,38.555,199.0665,391.07,0
2018-07-14 17:00:00,23.8635,437.475,374.175,839.28,18.55,96.2,0,1.697,37.35,208.467,390.915,0
2018-07-14 18:00:00,23.82,312.0915,352.0035,595.625,18.2585,96.2,0,1.7625,38.17835,124.667,390.276,0
2018-07-14 19:00:00,23.295,148.4415,371.357,290.5815,17.201,96.2,0,1.589,39.88,121.7835,389.7305,0
2018-07-14 20:00:00,22.5615,77.56,344.1985,147.72815,15.0305,96.2,0,2.149,45.125,57.99665,390.3225,0
2018-07-14 21:00:00,20.968,7.765,362.0135,16.631685,11.7545,96.2,0,2.585,52.72835,12.318485,393.388,0.5
2018-07-14 22:00:00,19.61,0,361.7915,2.33833,9.279,96.2665,0,2.339,59.39165,1.38567,395.0545,1
2018-07-14 23:00:00,18.712,0,340.62,1.6049985,7.947,96.2835,0,2.198,63.1983,1.295335,395.4655,1
2018-07-15 00:00:00,18.0815,0,342.363,-2.271665,7.1705,96.3,0,2.143,65.45835,1.175165,397.1825,1
2018-07-15 01:00:00,17.3585,0,337.4365,-0.431667,6.5785,96.3,0,2.4115,66.825,1.087,398.7545,1
2018-07-15 02:00:00,16.8235,0,347.3235,-0.265,6.26,96.3,0,2.199,67.35,1.23783,398.471,1
2018-07-15 03:00:00,15.7365,0,324.17,0.0333349999999999,5.0565,96.2335,0,2.28,71.78165,1.335,403.851,1
2018-07-15 04:00:00,14.5585,0,311.8115,-1.2349985,4.201,96.2,0,2.205,74.685,1.34333,405.9435,1
2018-07-15 05:00:00,13.947,6.7715,303.245,15.328335,3.9035,96.2,0,2.2595,75.50165,5.18917,403.9475,0
2018-07-15 06:00:00,14.157,70.8085,301.0015,131.99835,4.3395,96.2,0,1.8675,73.14165,29.0867,401.2225,0
2018-07-15 07:00:00,14.713,210.015,303.0985,388.4435,4.783,96.2,0,2.178,71.43835,55.45835,400.2985,0
2018-07-15 08:00:00,15.7615,367.6765,307.923,692.7185,5.7265,96.2,0,2.0795,68.05835,81.105,398.8145,0
2018-07-15 09:00:00,16.942,518.7865,315.195,999.7685,6.8015,96.2,0,2.194,64.8,96.7165,399.6105,0
2018-07-15 10:00:00,18.01,651.2115,322.1,1299.335,8.038,96.2,0,2.684,61.11835,105.2,397.5265,0
2018-07-15 11:00:00,19.2465,734.0265,329.7835,1499.935,9.6055,96.2,0,2.6095,56.9733,122.3,396.662,0
2018-07-15 12:00:00,20.3865,695.8015,337.9685,1442.65,11.183,96.2,0,2.022,53.36,153.5665,395.4855,0
2018-07-15 13:00:00,21.347,746.795,345.2865,1545.09,13.046,96.15,0,1.838,48.69,156.2,395.0595,0
2018-07-15 14:00:00,22.2535,706.652,352.575,1443.05,15.161,96.1,0,1.755,43.555,199.3835,394.861,0
2018-07-15 15:00:00,23.47,804.4735,355.642,1614.565,17.8945,96.0665,0,1.171,38.1083,192.6165,394.487,0
2018-07-15 16:00:00,24.0815,686.5385,366.405,1349.17,19.2275,96,0,1.4305,35.895,209.6,394.0905,0
2018-07-15 17:00:00,23.61,361.617,349.0835,704.643,18.4455,96,0,1.956,36.73665,129.45,394.1035,0
2018-07-15 18:00:00,23.798,377.648,344.5935,704.443,18.7195,95.95,0,1.853,36.52,92.9665,394.056,0
2018-07-15 19:00:00,23.362,137.8365,356.6135,277.9235,17.7445,96,0,2.092,38.255,105.0665,393.7115,0
2018-07-15 20:00:00,22.7565,63.477,353.717,122.7785,16.598,96,0,1.76,40.06335,56.7767,394.598,0
2018-07-15 21:00:00,21.5765,9.625,332.9985,22.778315,14.9225,96,0,2.5655,42.16835,12.9945,397.361,0.5
2018-07-15 22:00:00,19.75,0,324.0915,-0.13667,12.8075,96,0,2.5065,44.3917,1.5055,400.2,1
2018-07-15 23:00:00,18.77,0,321.6115,2.07,12.102,96,0,2.81,44.1433,1.1395,401.1145,1
2018-07-16 00:00:00,18.0385,0,319.5635,1.3350015,11.2795,96.05,0,2.8405,45.50165,1.157335,401.5755,1
2018-07-16 01:00:00,17.3615,0,315.15,1.4349985,10.4,96.0165,0,2.981,47.56335,1.1115,402.0435,1
2018-07-16 02:00:00,16.6565,0,311.765,0.333335,9.405,96,0,2.409,50.42,1.115835,402.5205,1
2018-07-16 03:00:00,16.04,0,316.3635,0.635,8.551,96,0,2.444,53.11,1.11283,403.222,1
2018-07-16 04:00:00,15.743,0,311.3235,-0.16500015,7.989,96,0,2.456,55.355,1.088665,403.0535,1
2018-07-16 05:00:00,15.4635,6.797,309.3935,14.896685,7.395,95.9835,0,2.3115,57.9217,5.4525,403.743,0
2018-07-16 06:00:00,15.727,54.8185,310.9385,109.58665,7.458,95.9,0,2.539,58.275,31.2517,400.882,0
2018-07-16 07:00:00,16.635,193.335,314.583,360.0885,7.9815,95.9165,0,2.378,57.88,66.26335,398.597,0
2018-07-16 08:00:00,17.7915,364.3015,318.19,686.705,9.176,96,0,2.9135,54.985,103.01665,398.745,0
2018-07-16 09:00:00,18.8515,496.017,325.2965,947.7285,10.447,96,0,1.8505,52.06,125.65,399.379,0
2018-07-16 10:00:00,20.143,599.768,334.29,1200.505,11.9545,95.9665,0,1.6575,49.3767,147.2335,399.306,0
2018-07-16 11:00:00,22.0335,746.6385,346.547,1537.775,14.3375,95.9,0,1.2525,45.91665,156.767,398.4415,0
2018-07-16 12:00:00,22.765,742.5835,361.015,1520.175,15.2425,95.9,0,1.9195,44.9833,191.1335,394.8575,0
2018-07-16 13:00:00,23.352,794.863,368.94,1614.765,16.3605,95.9,0,1.308,43.0267,245.5335,393.6735,0
2018-07-16 14:00:00,23.883,635.21,370.43,1275.285,17.922,95.8,0,1.26,39.56835,280.7,392.1395,0
2018-07-16 15:00:00,24.183,542.2815,375.94,1080.195,18.6055,95.8,0,1.1915,38.35165,304.7665,392.2965,0
2018-07-16 16:00:00,23.892,257.0265,372.3515,526.155,18.66,95.7335,0,1.1225,37.075,239.05,394.8155,0
2018-07-16 17:00:00,23.1035,414.2715,371.055,812.123,15.705,95.7,0,1.034,44.46665,294.45,392.1595,0
2018-07-16 18:00:00,23.162,402.9,361.9915,757.515,15.8265,95.7,0,0.886,44.235,212.35,392.2535,0
2018-07-16 19:00:00,23.4735,219.265,342.575,404.075,17.4735,95.7,0,0.738,39.56835,86.415,395.0275,0
2018-07-16 20:00:00,22.795,68.455,334.085,144.92315,16.6665,95.7,0,0.611,39.99,41.3133,395.0825,0
2018-07-16 21:00:00,21.8035,5.1085,331,17.77,14.8115,95.7,0,0.546,43.3267,7.019835,400.0515,0.5
2018-07-16 22:00:00,21.0435,0,328.388,-1.0666685,12.434,95.8,0,0.481,50.1767,1.213,397.985,1
2018-07-16 23:00:00,20.565,0,326.6635,0.668335,11.933,95.8,0,0.514,50.73335,1.059835,397.7405,1
2018-07-17 00:00:00,20.312,0,324.935,0.5683315,11.289,95.8,0,0.842,52.66,1.1395,397.5475,1
2018-07-17 01:00:00,20.2515,0,324.4465,1.2016665,11.3695,95.8,0,1.17,52.14,1.211,397.76,1
2018-07-17 02:00:00,19.905,0,322.485,0.0983335,11.105,95.8,0,1.4105,52.24335,1.209,397.334,1
2018-07-17 03:00:00,19.272,0,327.1285,1.47,9.942,95.8,0,1.3885,55.5267,1.14,397.0965,1
2018-07-17 04:00:00,18.495,0,323.472,0.29999985,8.0905,95.8,0,1.3665,62.11835,1.492335,396.6725,1
2018-07-17 05:00:00,18.267,11.3745,319.77,11.3883165,7.9435,95.8,0,1.34,62.2,4.53717,400.94,0
2018-07-17 06:00:00,18.8615,73.5185,320.32,133.16515,8.936,95.8,0,1.303,58.9917,33.79165,395.8475,0
2018-07-17 07:00:00,19.0935,151.602,343.7635,291.015,9.3205,95.8,0,1.266,57.845,115.367,397.1555,0
2018-07-17 08:00:00,20.263,327.8785,327.002,618.805,10.5115,95.8165,0,1.2885,55.8,91.29165,396.0675,0
2018-07-17 09:00:00,22.02,511.268,335.7015,984.1735,13.036,95.8835,0,1.4865,50.8383,115.7835,393.158,0
2018-07-17 10:00:00,23.74,633.0735,345.1215,1256.945,16.3745,95.9,0,1.6855,44.3,143.2,392.1575,0
2018-07-17 11:00:00,24.865,751.0115,354.42,1521.08,18.8965,95.9,0,2.2695,39.88165,207.3,396.183,0
2018-07-17 12:00:00,24.78,770.9965,355.7735,1563.33,19.509,95.9,0,3.223,37.6233,258.5,395.4005,0
2018-07-17 13:00:00,25.7115,873.16,358.9635,1774.885,22.755,95.8835,0,3.646,31.16335,212.283,395.9335,0
2018-07-17 14:00:00,26.2035,796.5365,356.008,1602.775,25.2035,95.8,0,3.9295,25.94335,212.5335,396.7945,0
2018-07-17 15:00:00,26.7015,772.1515,358.9585,1539.01,26.957,95.8,0,3.6155,23.085,228.3335,396.2705,0
2018-07-17 16:00:00,27.1585,687.13,358.417,1340.55,27.9145,95.8,0,3.2715,22.45,162.167,396.258,0
2018-07-17 17:00:00,27.09,535.9435,356.79,1014.9315,27.5635,95.8,0,3.559,23.12,132.85,395.5975,0
2018-07-17 18:00:00,26.547,300.563,355.097,565.665,25.5935,95.8,0,3.649,26.33335,128.7665,395.5015,0
2018-07-17 19:00:00,25.7285,185.3665,347.3,331.83,23.2945,95.8,0,3.1045,29.6,82.02335,396.271,0
2018-07-17 20:00:00,25.038,80.733,343.595,150.43685,21.3845,95.8165,0,3.3225,32.6983,45.18,399.411,0
2018-07-17 21:00:00,23.54,5.5415,340.715,19.906685,18.2585,95.9,0,3.3825,37.14165,8.874165,403.6445,0.5
2018-07-17 22:00:00,22.59,0,338.0335,-0.19999985,16.3535,95.9,0,3.496,40.35,1.131165,405.072,1
2018-07-17 23:00:00,22.1585,0,347.2935,-0.935,15.432,95.9,0,3.453,42.21835,1.117835,405.412,1
2018-07-18 00:00:00,21.357,0,341.0965,0.06667,13.8755,95.9665,0,3.3025,45.445,1.173665,405.155,1
2018-07-18 01:00:00,20.49,0,341.945,2.273335,12.0535,96,0,3.214,50.025,1.192165,403.486,1
2018-07-18 02:00:00,19.6515,0,345.785,2.471665,10.3395,96,0,3.5195,54.8417,1.149665,403.1715,1
2018-07-18 03:00:00,18.712,0,333.6485,0.23500015,8.7225,96,0,3.3945,59.64835,1.29,404.345,1
2018-07-18 04:00:00,17.6315,0,333.968,0.6666685,6.6935,96,0,3.163,66.8317,1.221165,406.217,1
2018-07-18 05:00:00,17.022,1.4435,347.5085,8.818315,5.262,96,0,3.0815,72.8983,2.041335,408.0715,0.5
2018-07-18 06:00:00,16.5635,29.797,319.343,77.9885,4.2255,96.0835,0,2.3785,77.59,22.4498,408.1375,0
2018-07-18 07:00:00,17.42,182.815,315.1935,335.838,4.724,96.1,0,2.6475,76.2933,57.82,405.7205,0
2018-07-18 08:00:00,18.2935,358.053,316.755,670.908,7.1875,96.1335,0,2.837,65.86335,88.70665,399.8825,0
2018-07-18 09:00:00,19.115,508.5435,324.193,964.8285,9.282,96.2,0,3.0135,58.08,120.867,398.8785,0
2018-07-18 10:00:00,20.005,559.727,339.8135,1106.15,10.712,96.2,0,2.6825,54.225,207.9835,398.528,0
2018-07-18 11:00:00,20.758,800,335.8485,1597.03,13.337,96.2,0,2.7385,45.61,182.1,396.2435,0
2018-07-18 12:00:00,21.3565,848.342,330.7865,1725.115,15.3385,96.2,0,2.7,39.685,98.7167,395.365,0
2018-07-18 13:00:00,21.6185,873.305,335.4835,1779.56,15.8105,96.2,0,3.0285,38.8067,100.8665,395.0775,0
2018-07-18 14:00:00,22.2715,812.2235,337.423,1649.17,17.248,96.2,0,2.604,35.85,104.4165,394.3605,0
2018-07-18 15:00:00,22.858,788.025,338.91,1569.01,18.441,96.1,0,2.896,33.82,108.76685,393.022,0
2018-07-18 16:00:00,23.1585,683.898,336.7735,1328.39,19.0465,96.1,0,3.0485,32.87,83.43335,392.736,0
2018-07-18 17:00:00,23.17,555.93,334.6865,1046.1565,18.9665,96.1,0,3.2225,33.19835,82.74,392.3995,0
2018-07-18 18:00:00,23.0135,373.9685,333.7065,696.427,18.307,96.1,0,2.9915,34.91665,71.7817,391.9805,0
2018-07-18 19:00:00,22.123,221.4435,326.655,404.8765,16.557,96.1,0,3.351,37.88835,60.675,392.186,0
2018-07-18 20:00:00,21.0765,84.1135,320.8,160.1885,14.7255,96.1335,0,2.5785,41.09835,36.30165,392.2835,0
2018-07-18 21:00:00,19.685,6.855,314.9565,20.54,12.396,96.2,0,2.422,46.02,10.354315,394.011,0.5
2018-07-18 22:00:00,18.4985,0,311.528,-1.2016665,10.522,96.2,0,2.46,50.62665,1.142,394.6645,1
2018-07-18 23:00:00,17.8615,0,308.0535,-1.0000015,9.574,96.2,0,2.6065,53.225,1.0675,393.9605,1
2018-07-19 00:00:00,17.1935,0,303.765,-0.833335,8.721,96.2,0,2.5535,55.565,1.1535,395.262,1
2018-07-19 01:00:00,16.8215,0,302.328,0,8.488,96.2165,0,2.3195,55.7117,1.03683,396.132,1
2018-07-19 02:00:00,16.387,0,300.6565,0.333333,8.512,96.25,0,2.0985,54.335,1.06733,396.028,1
2018-07-19 03:00:00,15.87,0,296.0785,-0.233335,8.2255,96.2,0,2.2175,54.40165,1.026165,395.674,1
2018-07-19 04:00:00,15.2015,0,293.535,-0.531665,7.4135,96.2,0,2.1475,57.11335,1.101,396.2085,1
2018-07-19 05:00:00,14.357,4.645,289.5685,11.958315,6.8575,96.2,0,2.1065,58.08835,4.044,397.687,0.5
2018-07-19 06:00:00,14.6585,72.8415,288.177,136.44,7.7855,96.2,0,2.0795,53.3483,22.33,397.317,0
2018-07-19 07:00:00,15.2885,212.597,290.6265,400.935,7.9275,96.2835,0,1.9785,54.37665,41.61,395.285,0
2018-07-19 08:00:00,16.205,373.825,299.8965,710.5215,8.742,96.3,0,1.651,52.655,79.9517,394.1345,0
2018-07-19 09:00:00,17.9135,484.43,306.737,939.5135,10.9755,96.3,0,1.16,46.63665,86.53335,393.772,0
2018-07-19 10:00:00,19.58,662.815,313.758,1324.615,14.55,96.3,0,1.1615,36.20165,87.21665,393.549,0
2018-07-19 11:00:00,20.3415,759.4515,321.21,1551.3,15.749,96.3,0,1.3465,34.0833,88.78335,393.4025,0
2018-07-19 12:00:00,21.102,834.6315,329.82,1712.76,16.385,96.3,0,1.792,34.54835,87.41665,393.046,0
2018-07-19 13:00:00,21.812,864.3565,334.4935,1769.205,17.408,96.2335,0,1.8475,33.4167,87.33335,392.937,0
2018-07-19 14:00:00,22.6285,838.9615,338.14,1707.08,18.6125,96.2,0,1.724,32.26665,94.65,393.127,0
2018-07-19 15:00:00,23.47,776.625,338.4715,1559.385,20.375,96.2,0,1.756,29.54835,105.45,392.862,0
2018-07-19 16:00:00,24.153,671.313,340.32,1315.23,21.69,96.15,0,0.98,28.02835,88.88335,392.974,0
2018-07-19 17:00:00,24.5835,533.6935,342.168,1014.8,22.1485,96.1,0,1.5365,28.34335,99.7835,393.269,0
2018-07-19 18:00:00,24.3565,362.293,338.94,677.925,21.703,96.1,0,1.9265,28.82665,87.22,393.718,0
2018-07-19 19:00:00,23.9165,222.31,334.6865,409.383,20.663,96.1,0,2.3765,30.4317,68.26165,394.2415,0
2018-07-19 20:00:00,22.805,73.247,328.217,147.5635,18.706,96.1,0,2.3455,32.685,38.59165,394.9025,0
2018-07-19 21:00:00,21.08,2.8285,320.4615,15.163335,15.893,96.1,0,2.5725,36.46,5.828,396.405,0.5
2018-07-19 22:00:00,19.958,0,315.7485,-0.3333315,14.1715,96.1,0,2.6645,39.2667,1.17,397.009,1
2018-07-19 23:00:00,19.25,0,313.545,-0.3,13.0655,96.1,0,2.3035,41.47835,1.136335,397.2855,1
2018-07-20 00:00:00,19.035,0,313.6185,-0.101667,12.7765,96.1,0,2.405,42.00665,1.1325,396.974,1
2018-07-20 01:00:00,18.307,0,311.0635,-1.1016685,11.648,96.1,0,2.4435,44.6767,1.17433,397.5445,1
2018-07-20 02:00:00,17.7535,0,308.2585,0.568335,10.8555,96.1,0,2.4705,46.59665,1.046835,397.1605,1
2018-07-20 03:00:00,17.3635,0,307.335,-0.835,10.237,96.1,0,2.5755,48.395,1.085835,396.331,1
2018-07-20 04:00:00,16.8515,0,306.295,-0.435,9.3835,96.0165,0,2.3635,51.1383,1.069,396.3095,1
2018-07-20 05:00:00,16.523,3.435,305.2265,10.419985,8.937,96,0,2.4095,52.4767,4.864165,396.395,0.5
2018-07-20 06:00:00,16.525,65.958,306.755,125.54835,8.8685,96,0,1.4995,52.845,34.4283,397.009,0
2018-07-20 07:00:00,17.19,195.44,309.575,365.3315,9.483,96,0,1.2565,51.68,69.44165,394.644,0
2018-07-20 08:00:00,17.875,312.05,313.8565,596.125,10.0415,96,0,1.394,50.98,114.3,392.4585,0
2018-07-20 09:00:00,19.13,493.88,322.718,951.5365,11.2515,96,0,1.3045,49.3,136.15,392.0935,0
2018-07-20 10:00:00,21.025,625.975,335.065,1247.665,13.7215,96,0,1.4175,44.95835,160.9835,393.6655,0
2018-07-20 11:00:00,22.498,724.0985,347.5665,1457.815,15.885,96,0,1.7175,41.75835,249.2665,395.059,0
2018-07-20 12:00:00,23.695,767.1,354.397,1553.31,19.4385,95.9,0,1.558,33.6817,292.4835,392.704,0
2018-07-20 13:00:00,24.8415,725.917,362.2615,1482.535,21.6165,95.9,0,1.146,31.13335,298.15,392.6945,0
2018-07-20 14:00:00,24.9135,521.615,364.915,1057.815,21.98,95.85,0,1.1505,30.2767,295.8665,392.806,0
2018-07-20 15:00:00,25.252,338.5135,379.6185,667.3665,22.6875,95.8,0,1.6205,29.475,284.1165,392.698,0
2018-07-20 16:00:00,26,551.27,370.83,1088.18,24.095,95.75,0,1.4445,28.365,220.5,392.628,0
2018-07-20 17:00:00,25.82,319.782,372.805,617.37,23.7695,95.7,0,1.488,28.55,213.4,392.6685,0
2018-07-20 18:00:00,26.073,416.6115,370.845,785.8385,24.3475,95.7,0,2.4725,27.905,241.433,392.4955,0
2018-07-20 19:00:00,25.7285,250.39,357.91,464.863,23.762,95.6,0,2.169,28.185,139.817,392.5865,0
2018-07-20 20:00:00,24.8585,68.095,342.955,132.06485,22.117,95.6,0,2.204,29.6317,43.055,394.0215,0
2018-07-20 21:00:00,23.8735,4.705,340.9785,16.798335,20.2855,95.6165,0,2.484,31.52,7.1885,395.007,0.5
2018-07-20 22:00:00,23.2765,0,339.433,-0.5350015,19.26,95.6665,0,2.5805,32.61665,1.23,396.104,1
2018-07-20 23:00:00,21.6215,0,335.5915,0.435,16.5125,95.6,0,2.4145,36.12165,1.354835,399.68,1
2018-07-21 00:00:00,20.5315,0,335.38,2.74,14.4845,95.65,0,3.1445,40.1033,1.187,402.209,1
2018-07-21 01:00:00,19.5065,0,336.2065,1.536665,12.733,95.6,0,3.2,43.8733,1.179835,403.3275,1
2018-07-21 02:00:00,18.79,0,331.4515,0.266665,11.704,95.6,0,2.482,46.055,1.118,403.6945,1
2018-07-21 03:00:00,18.345,0,329.1915,-0.53500165,11.1125,95.6,0,2.464,47.33335,1.142165,403.2975,1
2018-07-21 04:00:00,17.9085,0,326.01,1.4033315,10.525,95.5665,0,2.35,48.7283,1.112835,404.233,1
2018-07-21 05:00:00,17.27,1.95,321.252,8.3816835,9.6905,95.5,0,2.542,50.85835,3.348335,404.8915,0.5
2018-07-21 06:00:00,17.02,51.227,320.4935,97.8285,9.2545,95.5,0,2.5965,52.315,28.03335,403.7275,0
2018-07-21 07:00:00,17.677,186.5365,323.613,346.46,9.7365,95.5,0,2.613,51.88,81.4583,402.113,0
2018-07-21 08:00:00,18.4165,325.0665,327.105,616.602,10.351,95.5,0,2.1755,51.16665,129.0835,402.869,0
2018-07-21 09:00:00,18.85,346.19,341.735,687.44,10.713,95.5835,0,2.155,50.80165,248.017,403.947,0
2018-07-21 10:00:00,19.8415,383.7665,371.4715,777.322,12.001,95.6,0,1.445,48.29335,345.217,403.06,0
2018-07-21 11:00:00,21.625,508.052,380.208,1030.2585,14.659,95.6,0,2.442,43.32165,416.8665,402.021,0
2018-07-21 12:00:00,21.74,229.0335,389.865,488.5435,14.573,95.6,0,1.819,44.02,219.7665,403.374,0
2018-07-21 13:00:00,21.397,136.4065,392.65,312.123,13.3315,95.65,0.1,1.2965,47.71335,125.8,402.135,0
2018-07-21 14:00:00,19.345,118.7585,393.518,270.573,7.9235,95.7,0.3,2.096,64.89,109.6,400.4815,0
2018-07-21 15:00:00,17.677,118.6585,396.037,262.792,4.3665,95.7,0.8,2.35,78.42665,101.56685,396.492,0
2018-07-21 16:00:00,17.5885,133.8515,397.495,291.082,4.109,95.7,0.4,2.298,79.58335,117.1835,389.9245,0
2018-07-21 17:00:00,18.0535,120.535,399.382,260.5865,4.697,95.7,0.1,1.5135,77.3283,109.833,386.106,0
2018-07-21 18:00:00,18.225,84.573,401.3435,179.995,4.8265,95.7,0,0.714,77.02835,75.61665,387.7655,0
2018-07-21 19:00:00,18.8685,45.6435,400.7285,104.91185,7.2485,95.65,0.2,0.417,66.745,45.21335,390.316,0
2018-07-21 20:00:00,18.742,21.8465,396.9785,47.66165,7.785,95.7,0.1,0.6445,64.0033,22.4333,391.827,0
2018-07-21 21:00:00,18.217,0.475,392.97,5.178335,7.1225,95.7,0.1,1.4715,65.99,3.195835,392.2035,0.5
2018-07-21 22:00:00,18.12,0,388.99,-0.39999985,7.231,95.7,0.5,1.8385,65.42,1.40083,392.2,1
2018-07-21 23:00:00,17.97,0.015,386.93,-2.038335,7.1265,95.7,0.1,2.641,65.4417,1.203335,392.951,1
2018-07-22 00:00:00,17.093,0,384.8615,-0.2683335,4.2565,95.7,0.2,2.912,78.26335,1.390665,395.2455,1
2018-07-22 01:00:00,16.8535,0,384.8765,-2.97,4.419,95.7,0.1,3.3985,76.99,1.07,396.3,1
2018-07-22 02:00:00,16.2615,0.0435,383.755,2.23833,2.668,95.7,0.6,3.891,85.58335,1.241,404.266,1
2018-07-22 03:00:00,15.82,0.6335,386.613,-2.37333,2.562,95.7,1.6,3.5385,85.75,1.07483,400.1755,1
2018-07-22 04:00:00,15.5735,0.5335,387.8735,-0.00166665000000001,2.1535,95.7,1.2,2.692,87.8333,1.03317,397.0175,1
2018-07-22 05:00:00,15.5085,0.535,388.937,1.3350015,1.9215,95.7,0.5,1.854,89.1,1.040835,398.3465,0.5
2018-07-22 06:00:00,15.445,3.592,388.005,5.913335,1.8795,95.8,3.4,1.0395,89.3,2.834835,391.626,0
2018-07-22 07:00:00,15.1135,15.2665,385.488,34,1.435,95.8,2.8,1.455,91.65,12.4455,392.239,0
2018-07-22 08:00:00,15.2435,50.518,382.963,108.95,1.317,95.8,0.6,1.909,92.4,43.1567,390.3595,0
2018-07-22 09:00:00,15.445,104.272,382.7265,222.01,1.4835,95.8,0.1,2.8045,91.55,91.59835,390.8375,0
2018-07-22 10:00:00,15.943,149.538,380.923,313.5935,1.516,95.85,0,3.102,91.63335,135.9165,392.668,0
2018-07-22 11:00:00,16.385,216.725,376.73,448.0965,1.558,95.9,0,3.6605,91.65,200.15,395.57,0
2018-07-22 12:00:00,17.16,323.9965,376.572,674.0835,2.618,95.9,0,3.6655,86.7,307.4665,392.837,0
2018-07-22 13:00:00,18.49,416.233,377.668,847.83,4.835,95.9,0,3.259,77.31,405.05,385.7585,0
2018-07-22 14:00:00,19.23,377.735,378.4965,772.4115,6.649,95.9,0,1.951,70.225,374.933,384.318,0
2018-07-22 15:00:00,21.49,776.133,368.0335,1567.17,11.1485,95.9,0,1.7945,56.675,383.15,387.1025,0
2018-07-22 16:00:00,22.3865,617.865,357.643,1220.275,13.9705,95.9,0,2.4465,48.41835,240.9335,388.0305,0
2018-07-22 17:00:00,23.265,516.4065,357.4285,991.6465,14.2365,95.9,0,2.0435,50.15,197.6335,386.238,0
2018-07-22 18:00:00,22.69,287.315,359.5165,555.778,13.2475,95.9,0,1.617,52.23335,171.0665,388.969,0
2018-07-22 19:00:00,21.24,138.0235,347.303,274.0815,10.0465,95.9,0,1.7445,60.20335,96.5415,388.711,0
2018-07-22 20:00:00,20.1665,26.1335,345.003,64.7633,8.1455,95.9,0,0.697,65.55335,29.34,391.398,0
2018-07-22 21:00:00,20.022,3.8965,372.555,6.38,8.4465,95.9,0,1.3755,63.94,4.684335,391.155,0.5
2018-07-22 22:00:00,20.175,0,377.062,-0.8333335,9.321,95.9,0,2.383,60.57835,1.11517,391.8995,1
2018-07-22 23:00:00,20.055,0,358.288,-0.5666685,9.0165,95.9835,0,2.588,61.58,1.115335,391.6655,1
2018-07-23 00:00:00,19.758,0,343.62,0.3316685,8.5145,96,0,2.488,63.0533,1.120835,391.6705,1
2018-07-23 01:00:00,19.47,0,336.3335,1.7016685,8.0105,96,0,2.2985,64.60665,1.100835,392.1765,1
2018-07-23 02:00:00,19.277,0,340.885,-2.671665,7.703,96,0,2.036,65.57335,1.1655,392.6755,1
2018-07-23 03:00:00,18.865,0,362.2365,-0.6,6.52,96,0,1.838,70.0883,1.098335,393.5025,1
2018-07-23 04:00:00,18.8785,0,363.4265,1.1683315,6.9385,96,0,1.1515,68.205,1.0955,395.381,1
2018-07-23 05:00:00,18.83,2.5965,334.1235,7.715,7.2175,96,0,1.3995,66.81835,3.398165,397.1165,0.5
2018-07-23 06:00:00,18.7085,45.655,330.2485,89.14685,7.048,96.1,0,1.255,67.34335,32.00665,396.476,0
2018-07-23 07:00:00,19.147,168.9765,333.215,314.1615,7.0695,96.1,0,1.111,68.135,90.69165,395.708,0
2018-07-23 08:00:00,19.918,316.9135,336.903,602.9065,7.833,96.1,0,1.068,66.34665,125.4335,399.3755,0
2018-07-23 09:00:00,20.755,461.11,343.065,883.7685,9.0525,96.2,0,1.3305,63.105,148.3665,395.185,0
2018-07-23 10:00:00,22.93,483.752,362.285,965.7,12.279,96.2,0,1.5925,56.14165,211.15,396.8715,0
2018-07-23 11:00:00,23.2435,629.6835,375.745,1250.7,13.1105,96.2,0,1.823,54.05335,271.9,392.1725,0
2018-07-23 12:00:00,23.8165,734.0115,363.5785,1493.99,15.94,96.2,0,1.959,46.02665,224.2335,394.1915,0
2018-07-23 13:00:00,24.822,750.7365,368.2015,1525.65,18.2175,96.2,0,2.094,41.89665,206.0165,393.9515,0
2018-07-23 14:00:00,25.515,802.7415,392.368,1640.685,19.6545,96.1835,0,2.179,39.84335,301.9665,394.2815,0
2018-07-23 15:00:00,25.7665,654.33,389.13,1309.685,20.987,96.1165,0,2.1105,36.71335,291.05,393.0005,0
2018-07-23 16:00:00,26.2115,622.2815,364.503,1220.88,22.9015,96.1,0,2.042,32.74165,138.033,394.623,0
2018-07-23 17:00:00,26.16,521.9035,395.7565,974.383,22.343,96.1,0,1.9335,34.195,220.1835,393.221,0
2018-07-23 18:00:00,26.05,395.1815,366.812,730.425,22.2835,96.1,0,1.7035,33.92,118.41,393.1825,0
2018-07-23 19:00:00,25.7735,217.9215,348.417,400.4685,22.742,96.1,0,1.4735,31.4483,56.6983,394.077,0
2018-07-23 20:00:00,24.55,74.0115,341.165,148.465,20.0645,96.1,0,1.3565,34.985,32.225,396.478,0
2018-07-23 21:00:00,23.6485,3.5635,338.145,16.531665,17.476,96.1835,0,1.5775,40.205,6.98085,400.943,0.5
2018-07-23 22:00:00,23.1615,0,338.125,-1.1016665,16.385,96.2,0,1.799,42.27165,1.0515,401.09,1
2018-07-23 23:00:00,22.272,0,336.1565,0.3,14.366,96.2,0,1.9245,46.58,1.144165,400.9455,1
2018-07-24 00:00:00,21.7215,0,334.315,-0.2333335,13.2115,96.2,0,1.762,49.19,1.108335,399.2095,1
2018-07-24 01:00:00,21.4615,0,335.158,1.2366685,12.894,96.2,0,1.5995,49.61665,1.114165,398.579,1
2018-07-24 02:00:00,21.245,0,334.7735,1.80333,12.594,96.2,0,1.499,50.13,1.081835,398.1005,1
2018-07-24 03:00:00,21.308,0,334.91,0.8000015,12.6985,96.2,0,1.584,49.91165,1.066165,398.359,1
2018-07-24 04:00:00,20.125,0,329.258,2.3366665,10.859,96.1,0,1.669,54.0267,1.42217,397.684,1
2018-07-24 05:00:00,19.695,2.25,328.6085,7.615015,10.0725,96.1,0,1.712,56.115,3.00917,397.304,0.5
2018-07-24 06:00:00,19.843,54.3735,328.2185,107.25,10.092,96.1,0,1.628,56.4333,21.52,391.8725,0
2018-07-24 07:00:00,21.0035,180.217,330.983,355.778,11.473,96.1835,0,1.544,53.91335,42.7283,396.2725,0
2018-07-24 08:00:00,22.447,338.6,339.925,664.43,13.468,96.2,0,1.4475,50.47,65.105,394.9105,0
2018-07-24 09:00:00,22.9985,490.1585,347.123,967.2665,13.796,96.2,0,1.314,50.90835,75.8917,394.5595,0
2018-07-24 10:00:00,23.9565,616.968,354.3665,1263.56,15.9955,96.2,0,1.1805,46.29835,83.36665,390.968,0
2018-07-24 11:00:00,24.8515,725.108,361.16,1511.895,17.8755,96.2,0,1.105,43.08835,94.93335,393.5175,0
2018-07-24 12:00:00,25.57,788.601,366.787,1676.69,19.694,96.1,0,1.206,39.93665,91.6833,392.1195,0
2018-07-24 13:00:00,26.2935,825.5415,370.0835,1730.795,21.5255,96.1,0,1.307,37.085,88.7,394.3765,0
2018-07-24 14:00:00,26.95,811.833,372.067,1688.38,23.407,96.0335,0,1.417,34.19665,87.73335,394.645,0
2018-07-24 15:00:00,27.7985,752.0915,374.8935,1538.85,25.472,96,0,1.558,31.8483,95.2,396.2465,0
2018-07-24 16:00:00,28.25,654.0685,374.013,1308.22,26.631,96,0,1.698,30.5817,75.72,395.617,0
2018-07-24 17:00:00,28.4635,526.435,372.3785,1016.2665,27.4305,95.9665,0,1.7805,29.38,70.90335,394.8355,0
2018-07-24 18:00:00,28.7315,372.325,372.47,710.12,27.8345,95.9,0,1.6895,29.44335,61.13835,397.032,0
2018-07-24 19:00:00,28.61,211.5885,370.7585,402.205,27.252,95.9,0,1.5985,30.43335,51.27665,396.438,0
2018-07-24 20:00:00,27.9415,68.238,364.2485,135.4715,25.501,95.9,0,1.5565,32.3333,32.1317,397.676,0
2018-07-24 21:00:00,26.8485,2.5685,362.3335,13.25665,22.989,95.9335,0,1.663,35.01,6.028835,400.177,0.5
2018-07-24 22:00:00,25.4785,0,356.005,0.8999985,19.9685,96,0,1.7695,38.76835,1.2435,400.6185,1
2018-07-24 23:00:00,25.1815,0,354.435,0.368335,19.3775,96,0,1.8415,39.5067,1.09,400.6895,1
2018-07-25 00:00:00,24.7565,0,352.872,-0.2,18.5485,96,0,1.8115,40.62,1.284665,401.0415,1
2018-07-25 01:00:00,23.208,0,349.3365,-0.4349985,15.304,96,0,1.7815,46.2233,1.599665,401.2485,1
2018-07-25 02:00:00,22.3465,0,346.105,1.801665,13.585,96,0,1.7165,49.72165,1.243,399.008,1
2018-07-25 03:00:00,21.253,0,344.703,-2.07,11.727,96,0,1.547,53.6033,1.2175,396.3785,1
2018-07-25 04:00:00,21.338,0,344.6265,-0.733335,11.539,96,0,1.3775,54.56835,1.08283,396.8235,1
2018-07-25 05:00:00,21.27,1.9335,343.673,6.34665,11.198,96,0,1.2665,55.7317,2.936835,396.8915,0.5
2018-07-25 06:00:00,21.638,53.65,343.3385,107.74835,11.6045,96,0,1.331,55.17335,19.335,392.1105,0
2018-07-25 07:00:00,22.5185,175.887,347.35,353.7765,12.6745,96.1,0,1.396,53.595,40.04,395.9905,0
2018-07-25 08:00:00,24,328.3265,360.0285,657.215,14.7975,96.1,0,1.47,50.44,68.325,393.1595,0
2018-07-25 09:00:00,25.96,480.203,369.255,963.8635,18.5715,96.1835,0,1.5745,44.7267,75.33,391.948,0
2018-07-25 10:00:00,26.622,612.742,371.883,1260.39,20.469,96.2,0,1.679,41.34165,83.85,392.9835,0
2018-07-25 11:00:00,27.325,720.4915,377.6265,1504.58,22.3695,96.2,0,1.808,38.47665,107.55,395.976,0
2018-07-25 12:00:00,27.695,683.9985,389.825,1429.055,22.907,96.1835,0,2.011,38.355,185.617,394.5935,0
2018-07-25 13:00:00,28.727,744.6765,396.1015,1560.725,25.683,96.1,0,2.214,34.88,192.867,398.1825,0
2018-07-25 14:00:00,29.0285,698.9035,399.3065,1446.465,26.895,96.1,0,2.3875,32.99665,256.8835,395.3125,0
2018-07-25 15:00:00,29.7465,545.138,410.473,1117.2035,28.941,96.1,0,2.4705,30.81335,295.3835,394.511,0
2018-07-25 16:00:00,29.455,395.425,419.78,796.3285,28.1495,96,0,2.554,31.5767,252.8,394.821,0
2018-07-25 17:00:00,29.5385,374.0685,401.705,739.0785,28.1405,96,0,2.594,31.92835,151.4165,396.4735,0
2018-07-25 18:00:00,29.02,103.4335,421.0465,220.0415,27.0735,96,0,2.506,32.52,108.86685,395.1695,0
2018-07-25 19:00:00,29.0415,220.8485,394.153,417.037,27.1045,96,0,2.418,32.51835,107.97335,397.1005,0
2018-07-25 20:00:00,28.5065,55.253,370.54,119.6715,25.6065,96,0,2.3165,34.25,31.81,397.8045,0
2018-07-25 21:00:00,27.912,1.8765,369.082,9.185015,24.3725,96.1,0,2.1745,35.20835,3.464,399.367,0.5
2018-07-25 22:00:00,27.0685,0,367.8735,-0.701665,22.6185,96.1,0,2.0325,36.85,1.1535,400.5885,1
2018-07-25 23:00:00,25.9,0,361.572,-1.303335,20.256,96.1,0,1.905,39.43165,1.2575,401.3995,1
2018-07-26 00:00:00,24.788,0,357.43,-1.07,18.2155,96.1,0,1.821,41.79165,1.122,401.4925,1
2018-07-26 01:00:00,24.1285,0,351.508,-0.1,17.237,96.15,0,1.736,42.695,1.094,401.5935,1
2018-07-26 02:00:00,23.9585,0,348.6915,2.73667,16.953,96.1335,0,1.641,43.06,1.080835,401.4935,1
2018-07-26 03:00:00,23.428,0,348.2335,0.4,15.7435,96.1,0,1.513,45.40665,1.1315,401.372,1
2018-07-26 04:00:00,22.6585,0,343.4535,-1.3383335,14.3905,96.1,0,1.385,47.76,1.245835,400.7125,1
2018-07-26 05:00:00,21.605,1.805,337.2485,7.150015,12.6795,96.1,0,1.33,50.89165,2.864,397.91,0.5
2018-07-26 06:00:00,21.642,54.1715,337.397,109.38685,12.5185,96.1165,0,1.4965,51.6283,19.52165,391.905,0
2018-07-26 07:00:00,23.708,182.28,345.072,360.3865,15.553,96.2,0,1.6635,47.03335,38.09835,397.347,0
2018-07-26 08:00:00,24.8065,336.377,354.0685,661.59,17.314,96.2,0,1.869,44.73,59.5417,393.0215,0
2018-07-26 09:00:00,25.2035,495.1235,360.2415,982.4985,17.549,96.3,0,2.192,45.28665,86.7933,391.928,0
2018-07-26 10:00:00,25.5415,618.8165,363.423,1257.345,18.3365,96.3,0,2.515,43.96835,80.8833,393.7155,0
2018-07-26 11:00:00,26.1785,731.3565,369.4265,1511.795,19.7045,96.3,0,2.8315,42.0117,90.8833,396.2335,0
2018-07-26 12:00:00,26.87,800.7235,373.6535,1661.59,21.5215,96.2165,0,3.1285,39.23335,101.883,396.0285,0
2018-07-26 13:00:00,27.73,834.488,372.55,1723.785,25.5155,96.2,0,3.4255,31.44335,88.7333,395.8455,0
2018-07-26 14:00:00,28.5865,817.028,377.3535,1675.02,27.486,96.2,0,3.648,29.7633,104.7,394.1175,0
2018-07-26 15:00:00,29.228,749.785,377.8435,1511.385,29.856,96.1,0,3.649,26.465,118.15,397.87,0
2018-07-26 16:00:00,29.55,660.3165,364.8465,1282.23,32.8425,96.1,0,3.65,20.59,83.33165,393.057,0
2018-07-26 17:00:00,29.447,527.3315,364.047,986.1735,32.014,96.1,0,3.596,22.13335,82.56665,395.7875,0
2018-07-26 18:00:00,29.237,374.4285,359.945,689.247,31.4605,96.1,0,3.377,22.55,71.75665,396.528,0
2018-07-26 19:00:00,28.642,211.3715,360.4,380.63,29.279,96.1,0,3.1575,25.4033,58.955,395.158,0
2018-07-26 20:00:00,27.613,59.148,354.5915,118.27315,26.7055,96.1,0,2.975,27.79,30.6017,395.485,0
2018-07-26 21:00:00,26.2665,2.2785,352.7185,11.991685,23.6855,96.1,0,2.903,30.6783,5.0275,400.0175,0.5
2018-07-26 22:00:00,25.345,0,349.64,-0.633333,21.7605,96.1,0,2.83,32.74,1.2335,400.6495,1
2018-07-26 23:00:00,24.2635,0,347.5,3.44167,19.6165,96.2,0,2.7265,35.31665,1.181335,401.3055,1
2018-07-27 00:00:00,23.418,0,344.635,-0.2683335,17.9045,96.2,0,2.5275,37.88665,1.23267,401.59,1
2018-07-27 01:00:00,22.6615,0,340.5985,1.67,16.5405,96.1665,0,2.3295,39.92335,1.162835,401.4965,1
2018-07-27 02:00:00,22.4285,0,338.8465,0.3333315,16.1245,96.1,0,2.1215,40.59835,1.055665,401.4955,1
2018-07-27 03:00:00,22.2365,0,337.75,0.535,15.586,96.1,0,1.8865,41.91,1.078165,401.492,1
2018-07-27 04:00:00,21.9515,0,336.393,-1.203335,14.939,96.1,0,1.6515,43.35165,1.07567,401.906,1
2018-07-27 05:00:00,20.913,1.055,332.0235,6.011665,13.188,96.1,0,1.5315,46.7167,2.5705,399.3575,0.5
2018-07-27 06:00:00,21.2265,48.802,332.915,96.2265,13.4065,96.1,0,1.758,46.8583,19.1883,396.05,0
2018-07-27 07:00:00,21.6635,176.8115,334.163,339.0115,13.7425,96.1,0,1.9845,46.96,42.1967,397.798,0
2018-07-27 08:00:00,22.1935,335.2235,339.3835,647.965,14.177,96.1,0,2.206,47.0317,65.36,396.5075,0
2018-07-27 09:00:00,23.55,483.9685,349.3435,947.73,15.8955,96.1,0,2.415,45.305,80.3717,393.7335,0
2018-07-27 10:00:00,25.0665,611.0385,360.6,1238.34,18.6,96.1,0,2.623,41.54665,92.85,394.82,0
2018-07-27 11:00:00,25.9715,722.8985,367.152,1485.505,20.172,96.1,0,2.77,39.9083,106.3835,397.197,0
2018-07-27 12:00:00,26.857,788.0085,378.65,1626.82,22.265,96.0165,0,2.734,37.06165,161.2835,396.3535,0
2018-07-27 13:00:00,27.565,795.9735,390.143,1629.795,23.952,96,0,2.697,35.045,194.117,396.8295,0
2018-07-27 14:00:00,28.35,738.7015,397.965,1497.295,26.2255,95.9165,0,2.677,32.0383,259.1,396.589,0
2018-07-27 15:00:00,28.1165,477.908,393.0085,959.15,25.605,95.9,0,2.705,32.7383,224.1165,396.601,0
2018-07-27 16:00:00,28.2465,561.24,397.3785,1102.27,25.4405,95.8,0,2.733,33.68835,267.233,395.2395,0
2018-07-27 17:00:00,28.4485,511.0235,384.805,965.465,26.123,95.8,0,2.7785,32.68665,174.517,396.786,0
2018-07-27 18:00:00,28.05,374.1135,379.7915,697.397,25.38,95.8,0,2.8775,33.07165,151.433,396.1535,0
2018-07-27 19:00:00,26.7835,116.422,365.1515,234.87,21.71,95.8,0,2.9765,38.435,67.92335,397.6805,0
2018-07-27 20:00:00,25.1765,54.7035,367.13,99.56685,16.9225,95.767,0,3.0425,47.28,36.035,399.4695,0
2018-07-27 21:00:00,24.03,4.575,369.115,12.691685,15.0765,95.7835,0,3.0095,49.59335,7.648515,402.044,0.5
2018-07-27 22:00:00,22.98,0,359.117,-0.67,12.6245,95.7,0,2.9765,55.04165,1.332165,402.5475,1
2018-07-27 23:00:00,22.042,0,353.747,0.633335,11.0375,95.7,0,2.8785,58.37835,1.08667,400.7375,1
2018-07-28 00:00:00,21.325,0,351.798,0.9333335,9.811,95.7,0,2.5855,61.3467,1.1095,399.9175,1
2018-07-28 01:00:00,20.605,0,343.835,-0.76833165,8.7125,95.6165,0,2.292,64.145,1.262165,399.292,1
2018-07-28 02:00:00,20.0065,0,342.9365,0,7.8915,95.6,0,2.0375,66.28665,1.2135,398.7085,1
2018-07-28 03:00:00,19.117,0,339.2615,0.5366665,6.748,95.55,0,1.8985,69.52665,1.12967,397.816,1
2018-07-28 04:00:00,18.91,0,338.2115,-0.135,6.5045,95.5,0,1.76,70.24165,1.038665,397.4565,1
2018-07-28 05:00:00,18.643,0.1015,337.4465,7.516685,6.0765,95.4665,0,1.7005,71.7417,2.488665,396.9235,0.5
2018-07-28 06:00:00,18.8885,45.3115,337.7915,84.60185,6.4035,95.4165,0,1.8785,70.68165,24.075,396.4165,0
2018-07-28 07:00:00,20.3265,164.6165,339.078,318.67,8.2075,95.4,0,2.0565,65.675,47.21,394.566,0
2018-07-28 08:00:00,22.6385,317.1435,348.515,625.2185,11.1975,95.4,0,2.175,59.505,81.3467,397.736,0
2018-07-28 09:00:00,24.465,480.52,359.6,944.2585,14.54,95.4,0,2.112,52.68835,105.73335,395.7625,0
2018-07-28 10:00:00,26.4685,552.2815,374.08,1132.57,18.2105,95.4,0,2.049,47.31,165.367,392.1425,0
2018-07-28 11:00:00,27.9835,701.357,380.5165,1456.315,24.0155,95.4,0,2.002,36.4933,135.3165,396.844,0
2018-07-28 12:00:00,29.24,702.9715,392.63,1455.245,27.6605,95.3835,0,2.0025,31.9333,248.7165,395.4845,0
2018-07-28 13:00:00,26.148,206.7965,399.81,442.785,20.773,95.4,0,2.003,40.65835,166.6835,396.936,0
2018-07-28 14:00:00,25.4665,424.835,405.08,867.0335,18.386,95.4,0,2.1275,43.79,329.4835,395.4635,0
2018-07-28 15:00:00,27.7565,443.91,401.027,900.4015,22.3835,95.4,0,2.6255,39.95665,361.8835,395.567,0
2018-07-28 16:00:00,27.585,426.2915,401.7265,851.003,21.903,95.4,0,3.1235,40.655,313.4,396.037,0
2018-07-28 17:00:00,27.1535,267.95,385.145,533.8685,22.351,95.4,0,3.447,37.88835,196.0665,396.8815,0
2018-07-28 18:00:00,27.14,152.6835,401.457,308.4165,22.6155,95.4335,0,3.247,37.13,123.893,398.3565,0
2018-07-28 19:00:00,25.99,44.2715,408.182,95.4915,19.234,95.5,0,3.047,42.78,45.39665,402.33,0
2018-07-28 20:00:00,22.18,11.342,394.168,32.4,11.4445,95.6,0,2.8325,57.44835,18.425,401.2055,0
2018-07-28 21:00:00,20.845,0.16,380.053,0,9.9215,95.6,0,2.576,59.7317,1.21433,399.358,0.5
2018-07-28 22:00:00,20.55,0,368.6985,1.9016685,10.1055,95.7,0,2.3195,58.2567,1.142,399.218,1
2018-07-28 23:00:00,20.02,0,365.212,0.8,8.721,95.7665,0,2.105,62.765,1.16967,398.9515,1
2018-07-29 00:00:00,19.26,0,374.482,0.4333335,7.899,95.8665,0,2.0165,64.67,1.38817,398.3885,1
2018-07-29 01:00:00,17.868,0,334.1465,0.60000165,5.3565,95.9,0,1.928,73.89335,1.296835,396.7845,1
2018-07-29 02:00:00,17.1065,0,330.9415,-1.0366685,3.8715,95.9,0,1.7505,80.17335,1.15583,396.5965,1
2018-07-29 03:00:00,16.54,0,333.812,-1.3366685,3.1065,95.9835,0,1.3075,83.5,1.086,395.5445,1
2018-07-29 04:00:00,16.3435,0,337.345,0.26666665,2.7735,96,0,0.864,85.0833,1.070835,395.216,1
2018-07-29 05:00:00,15.7565,1.76,334.597,6.1466835,2.02,96,0,0.5685,88.73335,3.655165,393.6185,0.5
2018-07-29 06:00:00,15.6885,52.8715,342.637,95.4565,1.456,96,0,0.7145,91.83335,48.7,393.9685,0
2018-07-29 07:00:00,16.17,106.3935,330.6465,211.858,2.113,96,0,0.8615,88.51665,88.57665,395.4335,0
2018-07-29 08:00:00,17.3585,235.4415,334.465,460.452,4.1685,96.0835,0,1.014,79.05,149.3835,395.1015,0
2018-07-29 09:00:00,19.2035,462.395,342.7115,899.3665,6.5735,96.1,0,1.187,70.485,208.6835,393.073,0
2018-07-29 10:00:00,20.282,414.732,373.08,830.83,7.383,96.1,0,1.36,68.97835,368.117,397.7625,0
2018-07-29 11:00:00,20.7515,334.2985,384.8435,688.1085,7.6565,96.1,0,1.4725,68.76,314.333,396.7925,0
2018-07-29 12:00:00,21.898,489.785,379.4865,991.6835,9.8295,96.1,0,1.406,62.66835,435.1335,395.9655,0
2018-07-29 13:00:00,23.5885,721.7035,382.195,1468.205,13.804,96.0665,0,1.339,52.715,419.1,396.434,0
2018-07-29 14:00:00,24.942,665.962,393.742,1340.95,16.8525,96,0,1.331,46.73,274.1835,399.069,0
2018-07-29 15:00:00,25.8415,678.34,387.77,1368.24,19.225,96,0,1.498,42.29835,240.7835,396.5255,0
2018-07-29 16:00:00,26.8815,502.498,396.305,1007.15,23.2965,95.95,0,1.665,34.24665,310.7835,395.595,0
2018-07-29 17:00:00,27.4165,464.503,397.7235,909.0165,24.335,95.9,0,1.718,33.41,274.8165,395.7915,0
2018-07-29 18:00:00,27.3035,240.8535,407.8365,482.632,24.3825,95.9,0,1.426,32.83835,226.6,397.1585,0
2018-07-29 19:00:00,27.0165,155.035,385.2935,305.0765,24.054,95.9,0,1.135,32.61835,131.3,398.261,0
2018-07-29 20:00:00,25.958,28.6715,401.1215,62.0233,21.423,95.9,0,0.977,36.16,34.0483,401.9935,0
2018-07-29 21:00:00,25.3965,0.9235,401.63,5.711665,20.3045,95.95,0,1.22,37.41335,2.8425,401.854,0.5
2018-07-29 22:00:00,25.285,0,396.8385,2.806665,20.0445,96,0,1.4635,37.80335,1.08367,401.854,1
2018-07-29 23:00:00,25.1885,0,393.487,-2.47167,19.6245,96,0,1.66,38.76,1.074165,402.115,1
2018-07-30 00:00:00,24.28,0,376.5715,0.331665,17.327,96,0,1.716,42.9417,1.419,402.601,1
2018-07-30 01:00:00,23.765,0,355.2235,-0.2683335,15.378,96,0,1.772,47.75335,1.141,402.763,1
2018-07-30 02:00:00,23.52,0,351.802,1.3366665,14.6935,96,0,1.7705,49.33,1.078,402.744,1
2018-07-30 03:00:00,23.905,0,346.54,-0.10000015,15.901,96,0,1.6,46.425,1.0725,402.809,1
2018-07-30 04:00:00,23.75,0,342.6,2.303335,15.85,96.0165,0,1.429,46.1033,1.243,402.793,1
2018-07-30 05:00:00,23.175,2.922,341.2915,5.0099985,14.8,96.0835,0,1.316,47.89,2.183,402.636,0.5
2018-07-30 06:00:00,23.208,46.522,342.9235,91.5835,14.7235,96.1,0,1.376,48.365,16.3433,400.326,0
2018-07-30 07:00:00,25.2285,163.45,353.3485,331.297,17.8755,96.1,0,1.437,44.38665,51.0433,396.1935,0
2018-07-30 08:00:00,26.9465,289.7585,383.185,593.72,20.724,96.1665,0,1.4305,41.70665,190.933,396.145,0
2018-07-30 09:00:00,28.1665,462.93,373.512,932.4335,23.776,96.2,0,1.223,37.8833,115.60015,397.654,0
2018-07-30 10:00:00,28.6085,596.7665,379.6385,1239.88,24.857,96.2,0,1.016,36.6,82.55335,397.8545,0
2018-07-30 11:00:00,28.8365,590.6935,382.345,1249.865,27.5375,96.2,0,0.8735,30.6183,128.717,397.1785,0
2018-07-30 12:00:00,29.8685,768.3945,390.1235,1409.01833333333,30.58,96.2,0,0.894,27.41,154.2835,392.062,0
2018-07-30 13:00:00,30.3715,717.8525,396.2865,1397.19611111111,32.4565,96.2,0.1,1.1755,25.1367,186.55,392.3165,0
2018-07-30 14:00:00,30.06,749.625,401.043,1375.97027777778,31.4025,96.1665,0,1.977,26.28835,199.367,392.159,0
2018-07-30 15:00:00,30.4385,763.103,407.4665,1535.47,32.2815,96.1,0,2.49,25.83,231.8,392.464,0
2018-07-30 16:00:00,31.1365,631.27,406.3565,1242.92,34.4925,96.1,0,1.172,23.8717,197.7165,392.626,0
2018-07-30 17:00:00,31.3535,476.5385,399.9415,926.0185,35.1105,96.0665,0,1.497,23.42665,176.717,392.6715,0
2018-07-30 18:00:00,30.687,171.5735,389.2815,361.758,33.3455,96.0335,0,0.9535,24.4933,120.05,392.865,0
2018-07-30 19:00:00,30.448,169.913,382.9935,321.443,32.829,96.0335,0,0.8055,24.61165,74.305,392.5955,0
2018-07-30 20:00:00,29.8435,43.882,377.6685,93.78685,31.2385,96.1,0,2.1315,25.76,34.87335,393.728,0
2018-07-30 21:00:00,29.108,0.245,367.625,9.72,29.7155,96.1,0,2.4385,26.30165,3.42167,394.3875,0.5
2018-07-30 22:00:00,28.165,0,366.4435,-0.8683335,27.211,96.1,0,2.184,28.72335,1.205835,396.3205,1
2018-07-30 23:00:00,27.663,0,365.625,-0.9350015,25.557,96.1,0,1.7525,31.0767,1.096835,397.9025,1
2018-07-31 00:00:00,27.03,0,363.145,-0.933335,23.235,96.1,0,1.546,34.97,1.109335,398.7735,1
2018-07-31 01:00:00,26.5265,0,361.45,0.1333335,21.912,96.1,0,1.448,36.8333,1.18233,400.244,1
2018-07-31 02:00:00,26.0085,0,358.3785,-0.9366665,20.944,96.1,0,1.644,37.745,1.44533,401.3995,1
2018-07-31 03:00:00,24.98,0,355.0215,1.0033315,19.5035,96.1,0,1.0255,38.365,1.36433,401.961,1
2018-07-31 04:00:00,24.8935,0,349.498,0.235,19.2575,96.0335,0,1.4735,38.8667,1.297335,403.218,1
2018-07-31 05:00:00,24.4665,2.735,346.975,3.44,18.0785,96.033,0,1.8585,41.11,1.9835,405.42,0.5
2018-07-31 06:00:00,24.568,41.818,347.98,85.1385,17.984,96.1,0,1.5465,41.8283,17.0017,404.855,0
2018-07-31 07:00:00,26.7615,162.278,356.9485,320.105,22.03,96.1,0,0.712,37.67835,42.02665,399.3825,0
2018-07-31 08:00:00,29.2315,322.3085,370.2335,628.423,27.8605,96.1,0,1.4635,31.40835,90.8115,398.345,0
2018-07-31 09:00:00,30.408,432.0335,382.7,859.4535,30.311,96.1665,0,0.457,30.23335,174.217,396.421,0
2018-07-31 10:00:00,31.785,576.3785,394.7715,1174.585,34.7195,96.2,0,1.5425,26.1183,187.4665,396.4655,0
2018-07-31 11:00:00,31.24,528.6585,400.943,1095.3285,33.139,96.2,0,2.1525,27.26165,255.5835,398.1785,0
2018-07-31 12:00:00,31.958,756.955,404.603,1562.96,34.9,96.2,0,1.5775,26.4533,193.283,398.125,0
2018-07-31 13:00:00,32.535,782.77,406.6035,1602.375,37.181,96.15,0,2.086,24.14665,198.6835,395.4395,0
2018-07-31 14:00:00,32.42,444.618,413.8,913.795,36.4395,96.1,0,2.465,25.2017,226.25,396.411,0
2018-07-31 15:00:00,32.8315,547.1015,413.592,1117.705,37.719,96.1,0,1.7645,24.3717,211.8665,396.2365,0
2018-07-31 16:00:00,33.4685,544.025,406.543,1090.0835,40.408,96.1,0,1.922,21.76665,189,396.3645,0
2018-07-31 17:00:00,33.42,516.38,401.008,972.7785,40.316,96.1,0,3.2915,21.745,153.033,396.6655,0
2018-07-31 18:00:00,32.5885,217.1865,401.937,425.618,37.418,96.1335,0,2.1535,23.91165,127.7165,396.3995,0
2018-07-31 19:00:00,30.8115,70.1,382.1215,157.0115,32.5335,96.1,0,2.552,26.87,50.515,395.7585,0
2018-07-31 20:00:00,29.793,27.26,378.105,63.12665,29.595,96.1335,0,2.05,29.4417,19.12,396.713,0
2018-07-31 21:00:00,28.7385,0.1,377.902,5.37667,26.2025,96.2,0,2.435,33.64665,2.936165,398.5225,0.5
2018-07-31 22:00:00,27.4035,0,379.1,-1.803335,22.6555,96.2,0,2.643,37.9733,1.30983,401.0315,1
2018-07-31 23:00:00,26.363,0,373.49,-0.30166685,20.098,96.25,0,2.9185,41.515,1.238835,402.979,1
2018-08-01 00:00:00,24.775,0,374.7115,1.73667,15.5495,96.3,0,2.7185,50.4033,1.650335,404.8805,1
